,id,lat,long,address,postcode,total port,detail,area,geometry,index_right,OBJECTID,L_HOOD,S_HOOD,S_HOOD_ALT,Shape__Are,Shape__Len,extracted,level,type
0,19235,47.622085,-122.347124,"516 Harrison Street, Seattle, WA, 98109",98109,6,"[{'level': 2, 'name': 'EV Plug (J1772)', 'count': 6}]", Seattle,POINT (-122.347124 47.622085),18,45,Queen Anne,Lower Queen Anne,"Uptown, Seattle Center",17515624.4566956,20496.7289222394,"2, EV Plug (J1772)",2,EVPlug(J1772)
9,36018,47.6246042,-122.3593182,"200 West Mercer Street, Seattle, WA, 98119",98119,2,"[{'level': 2, 'name': 'EV Plug (J1772)', 'count': 2}]", Seattle,POINT (-122.3593182 47.6246042),18,45,Queen Anne,Lower Queen Anne,"Uptown, Seattle Center",17515624.4566956,20496.7289222394,"2, EV Plug (J1772)",2,EVPlug(J1772)
94,61182,47.625675,-122.346886,"500 5th Avenue North, Seattle, WA, 98109",98109,2,"[{'level': 2, 'name': 'Tesla', 'count': 2}]", Seattle,POINT (-122.346886 47.625675),18,45,Queen Anne,Lower Queen Anne,"Uptown, Seattle Center",17515624.4566956,20496.7289222394,"2, Tesla",2,Tesla
96,61188,47.625378,-122.344596,"601 Roy Street, Seattle, WA, 98109",98109,2,"[{'level': 2, 'name': 'Tesla', 'count': 2}]", Seattle,POINT (-122.344596 47.625378),18,45,Queen Anne,Lower Queen Anne,"Uptown, Seattle Center",17515624.4566956,20496.7289222394,"2, Tesla",2,Tesla
123,70247,47.623397,-122.345681,"500 5th Avenue North, Seattle, WA, 98109",98109,8,"[{'level': 2, 'name': 'EV Plug (J1772)', 'count': 7}, {'level': 2, 'name': 'EV Plug (J1772)', 'count': 1}]", Seattle,POINT (-122.345681 47.623397),18,45,Queen Anne,Lower Queen Anne,"Uptown, Seattle Center",17515624.4566956,20496.7289222394,"2, EV Plug (J1772), 2, EV Plug (J1772)","2, 2","EVPlug(J1772),EVPlug(J1772)"
146,81046,47.623603,-122.3577595,"516 1St Avenue, West Seattle, WA, 98119",98119,2,"[{'level': 2, 'name': 'EV Plug (J1772)', 'count': 2}]", West Seattle,POINT (-122.3577595 47.623603),18,45,Queen Anne,Lower Queen Anne,"Uptown, Seattle Center",17515624.4566956,20496.7289222394,"2, EV Plug (J1772)",2,EVPlug(J1772)
178,93678,47.619056,-122.352371,"200 2nd Avenue North, Seattle, WA, 98109",98109,4,"[{'level': 3, 'name': 'CCS & CHAdeMO', 'count': 1}, {'level': 3, 'name': 'CCS & CHAdeMO', 'count': 1}, {'level': 2, 'name': 'EV Plug (J1772)', 'count': 2}]", Seattle,POINT (-122.352371 47.619056),18,45,Queen Anne,Lower Queen Anne,"Uptown, Seattle Center",17515624.4566956,20496.7289222394,"3, CCS & CHAdeMO, 3, CCS & CHAdeMO, 2, EV Plug (J1772)","3, 3, 2","CCS&CHAdeMO,CCS&CHAdeMO,EVPlug(J1772)"
187,101664,47.62482,-122.35829,"100 West MERCER Street, Seattle, WA, 98119",98119,3,"[{'level': 3, 'name': 'CCS & CHAdeMO', 'count': 1}, {'level': 3, 'name': 'CCS & CCS', 'count': 2}]", Seattle,POINT (-122.35829 47.62482),18,45,Queen Anne,Lower Queen Anne,"Uptown, Seattle Center",17515624.4566956,20496.7289222394,"3, CCS & CHAdeMO, 3, CCS & CCS","3, 3","CCS&CHAdeMO,CCS&CCS"
191,104856,47.621378,-122.35362,"305 Thomas Street, Seattle, WA, 98109",98109,24,"[{'level': 2, 'name': 'EV Plug (J1772)', 'count': 22}, {'level': 2, 'name': 'EV Plug (J1772)', 'count': 2}]", Seattle,POINT (-122.35362 47.621378),18,45,Queen Anne,Lower Queen Anne,"Uptown, Seattle Center",17515624.4566956,20496.7289222394,"2, EV Plug (J1772), 2, EV Plug (J1772)","2, 2","EVPlug(J1772),EVPlug(J1772)"
193,105675,47.623424,-122.345872,"500 5th Avenue North, Seattle, WA, 98109",98109,8,"[{'level': 2, 'name': 'EV Plug (J1772)', 'count': 8}]", Seattle,POINT (-122.345872 47.623424),18,45,Queen Anne,Lower Queen Anne,"Uptown, Seattle Center",17515624.4566956,20496.7289222394,"2, EV Plug (J1772)",2,EVPlug(J1772)
211,117770,47.621304,-122.357684,"300 1st Avenue West, Seattle, WA, 98119",98119,2,"[{'level': 2, 'name': 'EV Plug (J1772)', 'count': 2}]", Seattle,POINT (-122.357684 47.621304),18,45,Queen Anne,Lower Queen Anne,"Uptown, Seattle Center",17515624.4566956,20496.7289222394,"2, EV Plug (J1772)",2,EVPlug(J1772)
235,130006,47.622256,-122.356521,"400 Queen Anne Avenue North, Seattle, WA, 98109",98109,2,"[{'level': 2, 'name': 'EV Plug (J1772)', 'count': 2}]", Seattle,POINT (-122.356521 47.622256),18,45,Queen Anne,Lower Queen Anne,"Uptown, Seattle Center",17515624.4566956,20496.7289222394,"2, EV Plug (J1772)",2,EVPlug(J1772)
253,135148,47.6215389,-122.3602985,"330 3rd Avenue West, Seattle, WA, 98119",98119,4,"[{'level': 2, 'name': 'EV Plug (J1772)', 'count': 4}]", Seattle,POINT (-122.3602985 47.6215389),18,45,Queen Anne,Lower Queen Anne,"Uptown, Seattle Center",17515624.4566956,20496.7289222394,"2, EV Plug (J1772)",2,EVPlug(J1772)
1,20020,47.60420082169219,-122.3332506017354,"214 Columbia Street, Seattle, WA, 98104",98104,2,"[{'level': 2, 'name': 'EV Plug (J1772)', 'count': 2}]", Seattle,POINT (-122.3332506017354 47.60420082169219),35,62,Downtown,Central Business District,"Commercial Core, West Edge",9477398.61834717,18209.4628624588,"2, EV Plug (J1772)",2,EVPlug(J1772)
2,21010,47.606684,-122.332664,"1000 4th Avenue, Seattle, WA, 98104",98104,3,"[{'level': 2, 'name': 'EV Plug (J1772)', 'count': 3}]", Seattle,POINT (-122.332664 47.606684),35,62,Downtown,Central Business District,"Commercial Core, West Edge",9477398.61834717,18209.4628624588,"2, EV Plug (J1772)",2,EVPlug(J1772)
8,35995,47.6048564,-122.3338286,"999 Third Avenue, Level A, Seattle, WA, 98104",98104,2,"[{'level': 2, 'name': 'EV Plug (J1772)', 'count': 2}]", Seattle,POINT (-122.3338286 47.6048564),35,62,Downtown,Central Business District,"Commercial Core, West Edge",9477398.61834717,18209.4628624588,"2, EV Plug (J1772)",2,EVPlug(J1772)
15,36401,47.605192,-122.33285,"925 4th Avenue, Seattle, WA, 98104",98104,4,"[{'level': 2, 'name': 'EV Plug (J1772)', 'count': 3}, {'level': 2, 'name': 'EV Plug (J1772)', 'count': 1}]", Seattle,POINT (-122.33285 47.605192),35,62,Downtown,Central Business District,"Commercial Core, West Edge",9477398.61834717,18209.4628624588,"2, EV Plug (J1772), 2, EV Plug (J1772)","2, 2","EVPlug(J1772),EVPlug(J1772)"
16,36557,47.611102,-122.334893,"520 Pike Street, Seattle, WA, 98101",98101,8,"[{'level': 2, 'name': 'EV Plug (J1772)', 'count': 4}, {'level': 2, 'name': 'EV Plug (J1772)', 'count': 4}]", Seattle,POINT (-122.334893 47.611102),35,62,Downtown,Central Business District,"Commercial Core, West Edge",9477398.61834717,18209.4628624588,"2, EV Plug (J1772), 2, EV Plug (J1772)","2, 2","EVPlug(J1772),EVPlug(J1772)"
18,36653,47.611378281765,-122.3314401402,"705 Pike Street, Seattle, WA, 98101",98101,4,"[{'level': 2, 'name': 'EV Plug (J1772)', 'count': 4}]", Seattle,POINT (-122.3314401402 47.611378281765),35,62,Downtown,Central Business District,"Commercial Core, West Edge",9477398.61834717,18209.4628624588,"2, EV Plug (J1772)",2,EVPlug(J1772)
22,36919,47.604817,-122.330568,"701 5th Avenue, Seattle, WA, 98104",98104,8,"[{'level': 2, 'name': 'EV Plug (J1772)', 'count': 7}, {'level': 2, 'name': 'EV Plug (J1772)', 'count': 1}]", Seattle,POINT (-122.330568 47.604817),35,62,Downtown,Central Business District,"Commercial Core, West Edge",9477398.61834717,18209.4628624588,"2, EV Plug (J1772), 2, EV Plug (J1772)","2, 2","EVPlug(J1772),EVPlug(J1772)"
24,37091,47.6072826,-122.3360929,"1201 Third Avenue
Suite 520, Seattle, WA, 98101",98101,4,"[{'level': 2, 'name': 'EV Plug (J1772)', 'count': 4}]", Seattle,POINT (-122.3360929 47.6072826),35,62,Downtown,Central Business District,"Commercial Core, West Edge",9477398.61834717,18209.4628624588,"2, EV Plug (J1772)",2,EVPlug(J1772)
27,37364,47.608495,-122.333054,"1200 5th Avenue, Seattle, WA, 98101",98101,4,"[{'level': 2, 'name': 'EV Plug (J1772)', 'count': 4}]", Seattle,POINT (-122.333054 47.608495),35,62,Downtown,Central Business District,"Commercial Core, West Edge",9477398.61834717,18209.4628624588,"2, EV Plug (J1772)",2,EVPlug(J1772)
32,37909,47.605599,-122.330626,"800 5th Avenue, Seattle, WA, 98104",98104,2,"[{'level': 2, 'name': 'EV Plug (J1772)', 'count': 2}]", Seattle,POINT (-122.330626 47.605599),35,62,Downtown,Central Business District,"Commercial Core, West Edge",9477398.61834717,18209.4628624588,"2, EV Plug (J1772)",2,EVPlug(J1772)
38,39534,47.614112,-122.333147,"809 Olive Way, Seattle, WA, 98101",98101,4,"[{'level': 2, 'name': 'EV Plug (J1772)', 'count': 2}, {'level': 2, 'name': 'EV Plug (J1772)', 'count': 2}]", Seattle,POINT (-122.333147 47.614112),35,62,Downtown,Central Business District,"Commercial Core, West Edge",9477398.61834717,18209.4628624588,"2, EV Plug (J1772), 2, EV Plug (J1772)","2, 2","EVPlug(J1772),EVPlug(J1772)"
39,39664,47.60578,-122.331858,"901 Fifth Avenue, Seattle, WA, 98164",98164,2,"[{'level': 2, 'name': 'EV Plug (J1772)', 'count': 2}]", Seattle,POINT (-122.331858 47.60578),35,62,Downtown,Central Business District,"Commercial Core, West Edge",9477398.61834717,18209.4628624588,"2, EV Plug (J1772)",2,EVPlug(J1772)
42,40295,47.606279,-122.335205,"1000 2nd Avenue, Seattle, WA, 98104",98104,2,"[{'level': 2, 'name': 'EV Plug (J1772)', 'count': 2}]", Seattle,POINT (-122.335205 47.606279),35,62,Downtown,Central Business District,"Commercial Core, West Edge",9477398.61834717,18209.4628624588,"2, EV Plug (J1772)",2,EVPlug(J1772)
47,42062,47.607141,-122.333917,"1101 Fourth Avenue, Seattle, WA, 98101",98101,1,"[{'level': 2, 'name': 'EV Plug (J1772)', 'count': 1}]", Seattle,POINT (-122.333917 47.607141),35,62,Downtown,Central Business District,"Commercial Core, West Edge",9477398.61834717,18209.4628624588,"2, EV Plug (J1772)",2,EVPlug(J1772)
48,42900,47.6034418,-122.3339101,"719 Second Avenue, Seattle, WA, 98104",98104,2,"[{'level': 2, 'name': 'EV Plug (J1772)', 'count': 2}]", Seattle,POINT (-122.3339101 47.6034418),35,62,Downtown,Central Business District,"Commercial Core, West Edge",9477398.61834717,18209.4628624588,"2, EV Plug (J1772)",2,EVPlug(J1772)
54,46758,47.61002,-122.33542,"1415 5th Avenue, Seattle, WA, 98101",98101,4,"[{'level': 2, 'name': 'EV Plug (J1772)', 'count': 2}, {'level': 2, 'name': 'Tesla', 'count': 2}]", Seattle,POINT (-122.33542 47.61002),35,62,Downtown,Central Business District,"Commercial Core, West Edge",9477398.61834717,18209.4628624588,"2, EV Plug (J1772), 2, Tesla","2, 2","EVPlug(J1772),Tesla"
55,46776,47.607651,-122.339418,"99 Union Street, Seattle, WA, 98101",98101,2,"[{'level': 2, 'name': 'Tesla', 'count': 2}]", Seattle,POINT (-122.339418 47.607651),35,62,Downtown,Central Business District,"Commercial Core, West Edge",9477398.61834717,18209.4628624588,"2, Tesla",2,Tesla
56,46777,47.608017,-122.334861,"411 University Street, Seattle, WA, 98101",98101,3,"[{'level': 2, 'name': 'EV Plug (J1772)', 'count': 1}, {'level': 2, 'name': 'Tesla', 'count': 2}]", Seattle,POINT (-122.334861 47.608017),35,62,Downtown,Central Business District,"Commercial Core, West Edge",9477398.61834717,18209.4628624588,"2, EV Plug (J1772), 2, Tesla","2, 2","EVPlug(J1772),Tesla"
60,47067,47.60521,-122.32972,"700 5th Avenue, Seattle, WA, 98104",98104,6,"[{'level': 2, 'name': 'EV Plug (J1772)', 'count': 6}]", Seattle,POINT (-122.32972 47.60521),35,62,Downtown,Central Business District,"Commercial Core, West Edge",9477398.61834717,18209.4628624588,"2, EV Plug (J1772)",2,EVPlug(J1772)
66,50536,47.606106,-122.333782,"1001 4th Avenue Safeco Plaza, Seattle, WA, 98154",98154,4,"[{'level': 2, 'name': 'EV Plug (J1772)', 'count': 4}]", Seattle,POINT (-122.333782 47.606106),35,62,Downtown,Central Business District,"Commercial Core, West Edge",9477398.61834717,18209.4628624588,"2, EV Plug (J1772)",2,EVPlug(J1772)
67,50899,47.605051,-122.336105,"1000 1st Avenue, Seattle, WA, 98104",98104,3,"[{'level': 2, 'name': 'EV Plug (J1772)', 'count': 1}, {'level': 2, 'name': 'Tesla', 'count': 2}]", Seattle,POINT (-122.336105 47.605051),35,62,Downtown,Central Business District,"Commercial Core, West Edge",9477398.61834717,18209.4628624588,"2, EV Plug (J1772), 2, Tesla","2, 2","EVPlug(J1772),Tesla"
69,52173,47.6132353,-122.3344034,"1600 7th Avenue, Seattle, WA, 98191",98191,3,"[{'level': 2, 'name': 'EV Plug (J1772)', 'count': 3}]", Seattle,POINT (-122.3344034 47.6132353),35,62,Downtown,Central Business District,"Commercial Core, West Edge",9477398.61834717,18209.4628624588,"2, EV Plug (J1772)",2,EVPlug(J1772)
73,53827,47.60872,-122.336023,"1325 4th Avenue, Seattle, WA, 98101",98101,4,"[{'level': 2, 'name': 'EV Plug (J1772)', 'count': 4}]", Seattle,POINT (-122.336023 47.60872),35,62,Downtown,Central Business District,"Commercial Core, West Edge",9477398.61834717,18209.4628624588,"2, EV Plug (J1772)",2,EVPlug(J1772)
92,60230,47.610826048907,-122.334346934116,"1465 6th Avenue, Seattle, WA, 98101",98101,6,"[{'level': 2, 'name': 'EV Plug (J1772)', 'count': 6}]", Seattle,POINT (-122.334346934116 47.610826048907),35,62,Downtown,Central Business District,"Commercial Core, West Edge",9477398.61834717,18209.4628624588,"2, EV Plug (J1772)",2,EVPlug(J1772)
100,63126,47.608017,-122.335273,"319 University Street, Seattle, WA, 98101",98101,4,"[{'level': 2, 'name': 'EV Plug (J1772)', 'count': 4}]", Seattle,POINT (-122.335273 47.608017),35,62,Downtown,Central Business District,"Commercial Core, West Edge",9477398.61834717,18209.4628624588,"2, EV Plug (J1772)",2,EVPlug(J1772)
118,68122,47.609686,-122.332152,"601 Union Street, Seattle, WA, 98101",98101,10,"[{'level': 3, 'name': 'Tesla Supercharger', 'count': 10}]", Seattle,POINT (-122.332152 47.609686),35,62,Downtown,Central Business District,"Commercial Core, West Edge",9477398.61834717,18209.4628624588,"3, Tesla Supercharger",3,TeslaSupercharger
119,68136,47.6060061,-122.336716,"1191 2nd Avenue, Seattle, WA, 98101",98101,4,"[{'level': 2, 'name': 'EV Plug (J1772)', 'count': 4}]", Seattle,POINT (-122.336716 47.6060061),35,62,Downtown,Central Business District,"Commercial Core, West Edge",9477398.61834717,18209.4628624588,"2, EV Plug (J1772)",2,EVPlug(J1772)
121,70242,47.612347,-122.334168,"1531 7th Avenue, Seattle, WA, 98101",98101,3,"[{'level': 2, 'name': 'Tesla', 'count': 3}]", Seattle,POINT (-122.334168 47.612347),35,62,Downtown,Central Business District,"Commercial Core, West Edge",9477398.61834717,18209.4628624588,"2, Tesla",2,Tesla
135,75321,47.610236,-122.332452,"601 Union Street, Seattle, WA, 98101",98101,10,"[{'level': 2, 'name': 'EV Plug (J1772)', 'count': 5}, {'level': 2, 'name': 'Tesla', 'count': 5}]", Seattle,POINT (-122.332452 47.610236),35,62,Downtown,Central Business District,"Commercial Core, West Edge",9477398.61834717,18209.4628624588,"2, EV Plug (J1772), 2, Tesla","2, 2","EVPlug(J1772),Tesla"
155,84666,47.609925,-122.333764,"1325 6th Avenue, Seattle, WA, 98101",98101,5,"[{'level': 2, 'name': 'EV Plug (J1772)', 'count': 2}, {'level': 2, 'name': 'Tesla', 'count': 3}]", Seattle,POINT (-122.333764 47.609925),35,62,Downtown,Central Business District,"Commercial Core, West Edge",9477398.61834717,18209.4628624588,"2, EV Plug (J1772), 2, Tesla","2, 2","EVPlug(J1772),Tesla"
173,92141,47.6066581,-122.3371498,"1201 2nd Avenue, Seattle, WA, 98101",98101,4,"[{'level': 3, 'name': 'Tesla Supercharger', 'count': 4}]", Seattle,POINT (-122.3371498 47.6066581),35,62,Downtown,Central Business District,"Commercial Core, West Edge",9477398.61834717,18209.4628624588,"3, Tesla Supercharger",3,TeslaSupercharger
177,92773,47.606659,-122.337363,"1201 Second Avenue, Seattle, WA, 98101",98101,10,"[{'level': 2, 'name': 'EV Plug (J1772)', 'count': 10}]", Seattle,POINT (-122.337363 47.606659),35,62,Downtown,Central Business District,"Commercial Core, West Edge",9477398.61834717,18209.4628624588,"2, EV Plug (J1772)",2,EVPlug(J1772)
180,98440,47.6044756,-122.3378981,"1011 Western Avenue, Seattle, WA, 98104",98104,1,"[{'level': 2, 'name': 'EV Plug (J1772)', 'count': 1}]", Seattle,POINT (-122.3378981 47.6044756),35,62,Downtown,Central Business District,"Commercial Core, West Edge",9477398.61834717,18209.4628624588,"2, EV Plug (J1772)",2,EVPlug(J1772)
221,121601,47.6054544002366,-122.330085418863,"800 5th Avenue, Seattle, WA, 98104",98104,1,"[{'level': 2, 'name': 'EV Plug (J1772)', 'count': 1}]", Seattle,POINT (-122.330085418863 47.6054544002366),35,62,Downtown,Central Business District,"Commercial Core, West Edge",9477398.61834717,18209.4628624588,"2, EV Plug (J1772)",2,EVPlug(J1772)
228,123040,47.604891,-122.336815,"1007 First Avenue, Seattle, WA, 98104",98104,1,"[{'level': 2, 'name': 'EV Plug (J1772)', 'count': 1}]", Seattle,POINT (-122.336815 47.604891),35,62,Downtown,Central Business District,"Commercial Core, West Edge",9477398.61834717,18209.4628624588,"2, EV Plug (J1772)",2,EVPlug(J1772)
231,124112,47.6052492667973,-122.3297399878072,"700 5th Avenue, Seattle, WA, 98104",98104,1,"[{'level': 2, 'name': 'EV Plug (J1772)', 'count': 1}]", Seattle,POINT (-122.3297399878072 47.6052492667973),35,62,Downtown,Central Business District,"Commercial Core, West Edge",9477398.61834717,18209.4628624588,"2, EV Plug (J1772)",2,EVPlug(J1772)
232,127453,47.615003,-122.331809,"1009 Olive Way, Seattle, WA, 98101",98101,8,"[{'level': 2, 'name': 'EV Plug (J1772)', 'count': 8}]", Seattle,POINT (-122.331809 47.615003),35,62,Downtown,Central Business District,"Commercial Core, West Edge",9477398.61834717,18209.4628624588,"2, EV Plug (J1772)",2,EVPlug(J1772)
248,134226,47.61157402151931,-122.3328717067651,"701 Pike Street, Seattle, WA, 98101",98101,6,"[{'level': 2, 'name': 'EV Plug (J1772)', 'count': 6}]", Seattle,POINT (-122.3328717067651 47.61157402151931),35,62,Downtown,Central Business District,"Commercial Core, West Edge",9477398.61834717,18209.4628624588,"2, EV Plug (J1772)",2,EVPlug(J1772)
3,35773,47.5454638,-122.3764102,"6330 35th Avenue Southwest, Seattle, WA, 98126",98126,1,"[{'level': 2, 'name': 'EV Plug (J1772)', 'count': 1}]", Seattle,POINT (-122.3764102 47.5454638),65,92,Delridge,High Point,,23343008.3368683,23180.3963596714,"2, EV Plug (J1772)",2,EVPlug(J1772)
4,35774,47.517917,-122.354531,"9456 16th Avenue Southwest, Seattle, WA, 98106",98106,1,"[{'level': 2, 'name': 'EV Plug (J1772)', 'count': 1}]", Seattle,POINT (-122.354531 47.517917),62,89,Delridge,Highland Park,,39810333.4158325,31111.0630837714,"2, EV Plug (J1772)",2,EVPlug(J1772)
5,35775,47.6906401,-122.3767497,"8500 15th Avenue NW, Ste A, Seattle, WA, 98117",98117,1,"[{'level': 2, 'name': 'EV Plug (J1772)', 'count': 1}]", Seattle,POINT (-122.3767497 47.6906401),87,117,Northwest,Crown Hill,,15865750.4196777,18997.8080379411,"2, EV Plug (J1772)",2,EVPlug(J1772)
6,35925,47.619075,-122.359573,"101 Elliott Avenue West, Seattle, WA, 98121",98121,1,"[{'level': 2, 'name': 'EV Plug (J1772)', 'count': 1}]", Seattle,POINT (-122.359573 47.619075),39,66,Interbay,Interbay,,33503941.0921631,64207.5867611718,"2, EV Plug (J1772)",2,EVPlug(J1772)
103,64906,47.65588110993,-122.38276327302,"4005 20th Avenue West, Seattle, WA, 98199",98199,4,"[{'level': 2, 'name': 'EV Plug (J1772)', 'count': 4}]", Seattle,POINT (-122.38276327302 47.65588110993),39,66,Interbay,Interbay,,33503941.0921631,64207.5867611718,"2, EV Plug (J1772)",2,EVPlug(J1772)
141,79231,47.628833,-122.374083,"Helix Way, Seattle, WA, 98119",98119,35,"[{'level': 2, 'name': 'EV Plug (J1772)', 'count': 12}, {'level': 2, 'name': 'EV Plug (J1772)', 'count': 22}, {'level': 2, 'name': 'EV Plug (J1772)', 'count': 1}]", Seattle,POINT (-122.374083 47.628833),39,66,Interbay,Interbay,,33503941.0921631,64207.5867611718,"2, EV Plug (J1772), 2, EV Plug (J1772), 2, EV Plug (J1772)","2, 2, 2","EVPlug(J1772),EVPlug(J1772),EVPlug(J1772)"
206,112548,47.63986,-122.377668,"1600 West Armory Way, Seattle, WA, 98119",98119,6,"[{'level': 3, 'name': 'CCS & CHAdeMO', 'count': 6}]", Seattle,POINT (-122.377668 47.63986),39,66,Interbay,Interbay,,33503941.0921631,64207.5867611718,"3, CCS & CHAdeMO",3,CCS&CHAdeMO
237,131875,47.630844,-122.377344,"1280 16th Avenue West, Seattle, WA, 98119",98119,8,"[{'level': 2, 'name': 'EV Plug (J1772)', 'count': 8}]", Seattle,POINT (-122.377344 47.630844),39,66,Interbay,Interbay,,33503941.0921631,64207.5867611718,"2, EV Plug (J1772)",2,EVPlug(J1772)
7,35960,47.6154894,-122.3110069,"1600 East Madison Street, Seattle, WA, 98122",98122,4,"[{'level': 2, 'name': 'EV Plug (J1772)', 'count': 4}]", Seattle,POINT (-122.3110069 47.6154894),74,101,Capitol Hill,Stevens,"Interlaken Park, Miller Park, Madison-Miller",26039592.0790405,25522.3456368768,"2, EV Plug (J1772)",2,EVPlug(J1772)
213,118771,47.616857,-122.307818,"1818 East Madison Street, Seattle, WA, 98122",98122,2,"[{'level': 2, 'name': 'EV Plug (J1772)', 'count': 2}]", Seattle,POINT (-122.307818 47.616857),74,101,Capitol Hill,Stevens,"Interlaken Park, Miller Park, Madison-Miller",26039592.0790405,25522.3456368768,"2, EV Plug (J1772)",2,EVPlug(J1772)
10,36133,47.6113722,-122.343703,"2025 1st Avenue, Seattle, WA, 98121",98121,6,"[{'level': 2, 'name': 'EV Plug (J1772)', 'count': 6}]", Seattle,POINT (-122.343703 47.6113722),32,59,Downtown,Pike-Market,Pike Place Market,2343359.32580566,7326.58173024624,"2, EV Plug (J1772)",2,EVPlug(J1772)
11,36140,47.6098122,-122.3413016,"86 Pine Street, Seattle, WA, 98101",98101,1,"[{'level': 2, 'name': 'EV Plug (J1772)', 'count': 1}]", Seattle,POINT (-122.3413016 47.6098122),32,59,Downtown,Pike-Market,Pike Place Market,2343359.32580566,7326.58173024624,"2, EV Plug (J1772)",2,EVPlug(J1772)
77,55914,47.610439,-122.341484,"100 Stewart Street, Seattle, WA, 98101",98101,2,"[{'level': 2, 'name': 'EV Plug (J1772)', 'count': 1}, {'level': 2, 'name': 'Tesla', 'count': 1}]", Seattle,POINT (-122.341484 47.610439),32,59,Downtown,Pike-Market,Pike Place Market,2343359.32580566,7326.58173024624,"2, EV Plug (J1772), 2, Tesla","2, 2","EVPlug(J1772),Tesla"
85,56719,47.6091582,-122.3418441,"1901 Western Avenue, Seattle, WA, 98101",98101,7,"[{'level': 2, 'name': 'EV Plug (J1772)', 'count': 6}, {'level': 2, 'name': 'EV Plug (J1772)', 'count': 1}]", Seattle,POINT (-122.3418441 47.6091582),32,59,Downtown,Pike-Market,Pike Place Market,2343359.32580566,7326.58173024624,"2, EV Plug (J1772), 2, EV Plug (J1772)","2, 2","EVPlug(J1772),EVPlug(J1772)"
212,118610,47.6094628,-122.3428431,"1901 Western Avenue, Seattle, WA, 98101",98101,4,"[{'level': 2, 'name': 'EV Plug (J1772)', 'count': 2}, {'level': 2, 'name': 'EV Plug (J1772)', 'count': 2}]", Seattle,POINT (-122.3428431 47.6094628),32,59,Downtown,Pike-Market,Pike Place Market,2343359.32580566,7326.58173024624,"2, EV Plug (J1772), 2, EV Plug (J1772)","2, 2","EVPlug(J1772),EVPlug(J1772)"
12,36166,47.6170248,-122.3322181,"1812 Boren Avenue, Seattle, WA, 98101",98101,7,"[{'level': 2, 'name': 'EV Plug (J1772)', 'count': 7}]", Seattle,POINT (-122.3322181 47.6170248),92,124,Downtown,Denny Triangle,Denny Regrade,5128172.31045532,10574.1779826691,"2, EV Plug (J1772)",2,EVPlug(J1772)
49,43151,47.6164918,-122.3324879,"1099 Stewart Street, Seattle, WA, 98101",98101,7,"[{'level': 2, 'name': 'EV Plug (J1772)', 'count': 6}, {'level': 2, 'name': 'EV Plug (J1772)', 'count': 1}]", Seattle,POINT (-122.3324879 47.6164918),92,124,Downtown,Denny Triangle,Denny Regrade,5128172.31045532,10574.1779826691,"2, EV Plug (J1772), 2, EV Plug (J1772)","2, 2","EVPlug(J1772),EVPlug(J1772)"
58,46817,47.614141,-122.336357,"620 Stewart Street, Seattle, WA, 98101",98101,1,"[{'level': 2, 'name': 'Tesla', 'count': 1}]", Seattle,POINT (-122.336357 47.614141),92,124,Downtown,Denny Triangle,Denny Regrade,5128172.31045532,10574.1779826691,"2, Tesla",2,Tesla
83,56577,47.615059,-122.338454,"2021 7th Avenue, Seattle, WA, 98121",98121,26,"[{'level': 2, 'name': 'EV Plug (J1772)', 'count': 26}]", Seattle,POINT (-122.338454 47.615059),92,124,Downtown,Denny Triangle,Denny Regrade,5128172.31045532,10574.1779826691,"2, EV Plug (J1772)",2,EVPlug(J1772)
84,56578,47.616129,-122.340052,"2121 7th Avenue, Seattle, WA, 98121",98121,46,"[{'level': 2, 'name': 'EV Plug (J1772)', 'count': 46}]", Seattle,POINT (-122.340052 47.616129),92,124,Downtown,Denny Triangle,Denny Regrade,5128172.31045532,10574.1779826691,"2, EV Plug (J1772)",2,EVPlug(J1772)
120,68155,47.6171782,-122.3313731,"1823 Minor Avenue, Seattle, WA, 98101",98101,3,"[{'level': 2, 'name': 'EV Plug (J1772)', 'count': 3}]", Seattle,POINT (-122.3313731 47.6171782),92,124,Downtown,Denny Triangle,Denny Regrade,5128172.31045532,10574.1779826691,"2, EV Plug (J1772)",2,EVPlug(J1772)
124,70625,47.618090056138,-122.33892002021,"2201 Westlake Avenue, Seattle, WA, 98109",98109,6,"[{'level': 2, 'name': 'EV Plug (J1772)', 'count': 1}, {'level': 2, 'name': 'EV Plug (J1772)', 'count': 5}]", Seattle,POINT (-122.33892002021 47.618090056138),92,124,Downtown,Denny Triangle,Denny Regrade,5128172.31045532,10574.1779826691,"2, EV Plug (J1772), 2, EV Plug (J1772)","2, 2","EVPlug(J1772),EVPlug(J1772)"
125,70794,47.6163395,-122.3330877,"1007 Stewart Street, Seattle, WA, 98101",98101,4,"[{'level': 2, 'name': 'EV Plug (J1772)', 'count': 4}]", Seattle,POINT (-122.3330877 47.6163395),92,124,Downtown,Denny Triangle,Denny Regrade,5128172.31045532,10574.1779826691,"2, EV Plug (J1772)",2,EVPlug(J1772)
137,77412,47.616654,-122.338888,"2121 8th Avenue, Seattle, WA, 98121",98121,20,"[{'level': 2, 'name': 'EV Plug (J1772)', 'count': 20}]", Seattle,POINT (-122.338888 47.616654),92,124,Downtown,Denny Triangle,Denny Regrade,5128172.31045532,10574.1779826691,"2, EV Plug (J1772)",2,EVPlug(J1772)
138,78073,47.617016,-122.33408,"1920 Terry Avenue, Seattle, WA, 98101",98101,6,"[{'level': 2, 'name': 'EV Plug (J1772)', 'count': 6}]", Seattle,POINT (-122.33408 47.617016),92,124,Downtown,Denny Triangle,Denny Regrade,5128172.31045532,10574.1779826691,"2, EV Plug (J1772)",2,EVPlug(J1772)
147,81830,47.617429,-122.341037,"2250 7th Avenue, Seattle, WA, 98121",98121,12,"[{'level': 2, 'name': 'EV Plug (J1772)', 'count': 12}]", Seattle,POINT (-122.341037 47.617429),92,124,Downtown,Denny Triangle,Denny Regrade,5128172.31045532,10574.1779826691,"2, EV Plug (J1772)",2,EVPlug(J1772)
153,82851,47.6156458,-122.3350555,"818 Stewart Street, Seattle, WA, 98101",98101,9,"[{'level': 2, 'name': 'EV Plug (J1772)', 'count': 5}, {'level': 2, 'name': 'EV Plug (J1772)', 'count': 4}]", Seattle,POINT (-122.3350555 47.6156458),92,124,Downtown,Denny Triangle,Denny Regrade,5128172.31045532,10574.1779826691,"2, EV Plug (J1772), 2, EV Plug (J1772)","2, 2","EVPlug(J1772),EVPlug(J1772)"
160,86421,47.617462,-122.3301695,"1220 Howell Street, Seattle, WA, 98101",98101,3,"[{'level': 2, 'name': 'EV Plug (J1772)', 'count': 3}]", Seattle,POINT (-122.3301695 47.617462),92,124,Downtown,Denny Triangle,Denny Regrade,5128172.31045532,10574.1779826691,"2, EV Plug (J1772)",2,EVPlug(J1772)
183,99388,47.6183604,-122.3383451,"2210 Westlake Avenue, Seattle, WA, 98121",98121,9,"[{'level': 3, 'name': 'CCS & CHAdeMO', 'count': 9}]", Seattle,POINT (-122.3383451 47.6183604),92,124,Downtown,Denny Triangle,Denny Regrade,5128172.31045532,10574.1779826691,"3, CCS & CHAdeMO",3,CCS&CHAdeMO
189,102813,47.617228,-122.340588,"2205 7th Avenue, Seattle, WA, 98121",98121,8,"[{'level': 2, 'name': 'EV Plug (J1772)', 'count': 8}]", Seattle,POINT (-122.340588 47.617228),92,124,Downtown,Denny Triangle,Denny Regrade,5128172.31045532,10574.1779826691,"2, EV Plug (J1772)",2,EVPlug(J1772)
202,111231,47.61824,-122.333855,"2014 Fairview Avenue, Seattle, WA, 98121",98121,16,"[{'level': 2, 'name': 'EV Plug (J1772)', 'count': 16}]", Seattle,POINT (-122.333855 47.61824),92,124,Downtown,Denny Triangle,Denny Regrade,5128172.31045532,10574.1779826691,"2, EV Plug (J1772)",2,EVPlug(J1772)
219,121430,47.61627,-122.33884,"2100 7th Avenue, Seattle, WA, 98119",98119,12,"[{'level': 2, 'name': 'EV Plug (J1772)', 'count': 12}]", Seattle,POINT (-122.33884 47.61627),92,124,Downtown,Denny Triangle,Denny Regrade,5128172.31045532,10574.1779826691,"2, EV Plug (J1772)",2,EVPlug(J1772)
220,121433,47.616663,-122.340794,"2205 7th Avenue, Seattle, WA, 98121",98121,8,"[{'level': 2, 'name': 'EV Plug (J1772)', 'count': 8}]", Seattle,POINT (-122.340794 47.616663),92,124,Downtown,Denny Triangle,Denny Regrade,5128172.31045532,10574.1779826691,"2, EV Plug (J1772)",2,EVPlug(J1772)
229,123074,47.615249,-122.3332564,"1800 9th Avenue, Seattle, WA, 98101",98101,2,"[{'level': 2, 'name': 'EV Plug (J1772)', 'count': 2}]", Seattle,POINT (-122.3332564 47.615249),92,124,Downtown,Denny Triangle,Denny Regrade,5128172.31045532,10574.1779826691,"2, EV Plug (J1772)",2,EVPlug(J1772)
13,36322,47.61388,-122.31477,"1300 East MADISON Street, Seattle, WA, 98122",98122,4,"[{'level': 3, 'name': 'CCS & CHAdeMO', 'count': 1}, {'level': 3, 'name': 'CCS & CCS', 'count': 3}]", Seattle,POINT (-122.31477 47.61388),73,100,Capitol Hill,Broadway,Pike/Pine,30239240.5212402,26851.9474418256,"3, CCS & CHAdeMO, 3, CCS & CCS","3, 3","CCS&CHAdeMO,CCS&CCS"
37,39277,47.6239575,-122.3215805,"401 Broadway East, Seattle, WA, 98102",98102,2,"[{'level': 2, 'name': 'EV Plug (J1772)', 'count': 2}]", Seattle,POINT (-122.3215805 47.6239575),73,100,Capitol Hill,Broadway,Pike/Pine,30239240.5212402,26851.9474418256,"2, EV Plug (J1772)",2,EVPlug(J1772)
41,40133,47.6206301,-122.3198568,"215 10th Avenue East, Seattle, WA, 98102",98102,3,"[{'level': 2, 'name': 'EV Plug (J1772)', 'count': 3}]", Seattle,POINT (-122.3198568 47.6206301),73,100,Capitol Hill,Broadway,Pike/Pine,30239240.5212402,26851.9474418256,"2, EV Plug (J1772)",2,EVPlug(J1772)
57,46790,47.6270468,-122.3149606,"907 14th Avenue East, Seattle, WA, 98112",98112,1,"[{'level': 2, 'name': 'Tesla', 'count': 1}]", Seattle,POINT (-122.3149606 47.6270468),73,100,Capitol Hill,Broadway,Pike/Pine,30239240.5212402,26851.9474418256,"2, Tesla",2,Tesla
98,62185,47.615553,-122.32285,"1609 Harvard Avenue, Seattle, WA, 98122",98122,1,"[{'level': 3, 'name': 'CCS & CHAdeMO', 'count': 1}]", Seattle,POINT (-122.32285 47.615553),73,100,Capitol Hill,Broadway,Pike/Pine,30239240.5212402,26851.9474418256,"3, CCS & CHAdeMO",3,CCS&CHAdeMO
143,79904,47.613651,-122.3183251,"1427 11th Avenue, Seattle, WA, 98122",98122,4,"[{'level': 2, 'name': 'EV Plug (J1772)', 'count': 4}]", Seattle,POINT (-122.3183251 47.613651),73,100,Capitol Hill,Broadway,Pike/Pine,30239240.5212402,26851.9474418256,"2, EV Plug (J1772)",2,EVPlug(J1772)
186,101095,47.63173,-122.32099,"1245 10th Avenue East, Seattle, WA, 98102",98102,2,"[{'level': 2, 'name': 'EV Plug (J1772)', 'count': 2}]", Seattle,POINT (-122.32099 47.63173),73,100,Capitol Hill,Broadway,Pike/Pine,30239240.5212402,26851.9474418256,"2, EV Plug (J1772)",2,EVPlug(J1772)
190,103288,47.6147668,-122.3226291,"715 East Pine Street, Seattle, WA, 98122",98122,4,"[{'level': 2, 'name': 'EV Plug (J1772)', 'count': 4}]", Seattle,POINT (-122.3226291 47.6147668),73,100,Capitol Hill,Broadway,Pike/Pine,30239240.5212402,26851.9474418256,"2, EV Plug (J1772)",2,EVPlug(J1772)
254,135151,47.6148399,-122.3241666,"1530 Belmont Avenue, Seattle, WA, 98122",98122,8,"[{'level': 2, 'name': 'EV Plug (J1772)', 'count': 8}]", Seattle,POINT (-122.3241666 47.6148399),73,100,Capitol Hill,Broadway,Pike/Pine,30239240.5212402,26851.9474418256,"2, EV Plug (J1772)",2,EVPlug(J1772)
14,36351,47.581142,-122.3357333,"2401 Utah Avenue South, Seattle, WA, 98134",98134,2,"[{'level': 2, 'name': 'EV Plug (J1772)', 'count': 2}]", Seattle,POINT (-122.3357333 47.581142),40,67,Greater Duwamish,SODO,,49603167.5905914,38520.9885110863,"2, EV Plug (J1772)",2,EVPlug(J1772)
23,36937,47.589803,-122.332999,"1518 1st Avenue South, Seattle, WA, 98134",98134,4,"[{'level': 2, 'name': 'EV Plug (J1772)', 'count': 4}]", Seattle,POINT (-122.332999 47.589803),40,67,Greater Duwamish,SODO,,49603167.5905914,38520.9885110863,"2, EV Plug (J1772)",2,EVPlug(J1772)
108,66789,47.5892477,-122.3358112,"1531 Utah Avenue South, Seattle, WA, 98134",98134,6,"[{'level': 2, 'name': 'EV Plug (J1772)', 'count': 6}]", Seattle,POINT (-122.3358112 47.5892477),40,67,Greater Duwamish,SODO,,49603167.5905914,38520.9885110863,"2, EV Plug (J1772)",2,EVPlug(J1772)
192,105270,47.594042,-122.323977,"1002 Airport Way South, Seattle, WA, 98065",98065,2,"[{'level': 2, 'name': 'EV Plug (J1772)', 'count': 2}]", Seattle,POINT (-122.323977 47.594042),40,67,Greater Duwamish,SODO,,49603167.5905914,38520.9885110863,"2, EV Plug (J1772)",2,EVPlug(J1772)
201,111158,47.59406489817824,-122.3220441114614,"1010 8th Avenue South, Seattle, WA, 98134",98134,2,"[{'level': 2, 'name': 'EV Plug (J1772)', 'count': 2}]", Seattle,POINT (-122.3220441114614 47.59406489817824),40,67,Greater Duwamish,SODO,,49603167.5905914,38520.9885110863,"2, EV Plug (J1772)",2,EVPlug(J1772)
227,122382,47.581595,-122.334777,"1st Avenue South & South Stacy Street, Seattle, WA, 98134",98134,4,"[{'level': 3, 'name': 'CCS & CHAdeMO', 'count': 4}]", Seattle,POINT (-122.334777 47.581595),40,67,Greater Duwamish,SODO,,49603167.5905914,38520.9885110863,"3, CCS & CHAdeMO",3,CCS&CHAdeMO
17,36579,47.699227,-122.334626,"9600 College Way North, Seattle, WA, 98103",98103,1,"[{'level': 3, 'name': 'CCS & CHAdeMO', 'count': 1}]", Seattle,POINT (-122.334626 47.699227),85,115,Northgate,Licton Springs,North College Park,21704706.2611389,20132.8982458333,"3, CCS & CHAdeMO",3,CCS&CHAdeMO
134,75021,47.7018765,-122.3430745,"10006 Aurora Avenue North, Seattle, WA, 98133",98133,2,"[{'level': 2, 'name': 'EV Plug (J1772)', 'count': 2}]", Seattle,POINT (-122.3430745 47.7018765),85,115,Northgate,Licton Springs,North College Park,21704706.2611389,20132.8982458333,"2, EV Plug (J1772)",2,EVPlug(J1772)
19,36791,47.624035,-122.336045,"551 Boren Avenue North, Seattle, WA, 98109",98109,12,"[{'level': 2, 'name': 'EV Plug (J1772)', 'count': 12}]", Seattle,POINT (-122.336045 47.624035),22,49,Cascade,South Lake Union,,16107105.419342,29323.5462843847,"2, EV Plug (J1772)",2,EVPlug(J1772)
20,36799,47.620214,-122.330658,"221 Yale Avenue North, Seattle, WA, 98109",98109,4,"[{'level': 2, 'name': 'EV Plug (J1772)', 'count': 4}]", Seattle,POINT (-122.330658 47.620214),22,49,Cascade,South Lake Union,,16107105.419342,29323.5462843847,"2, EV Plug (J1772)",2,EVPlug(J1772)
30,37480,47.626531,-122.329993,"825 Eastlake Avenue East, Seattle, WA, 98109",98109,1,"[{'level': 2, 'name': 'EV Plug (J1772)', 'count': 1}]", Seattle,POINT (-122.329993 47.626531),22,49,Cascade,South Lake Union,,16107105.419342,29323.5462843847,"2, EV Plug (J1772)",2,EVPlug(J1772)
34,38130,47.634438,-122.324583,"1616 Eastlake Avenue East, Seattle, WA, 98102",98102,2,"[{'level': 2, 'name': 'EV Plug (J1772)', 'count': 2}]", Seattle,POINT (-122.324583 47.634438),22,49,Cascade,South Lake Union,,16107105.419342,29323.5462843847,"2, EV Plug (J1772)",2,EVPlug(J1772)
36,38961,47.62313,-122.331442,"1250-1282 Republican Street, Seattle, WA, 98109",98109,2,"[{'level': 2, 'name': 'EV Plug (J1772)', 'count': 2}]", Seattle,POINT (-122.331442 47.62313),22,49,Cascade,South Lake Union,,16107105.419342,29323.5462843847,"2, EV Plug (J1772)",2,EVPlug(J1772)
46,41324,47.62002,-122.338144,"200 Westlake Avenue North, Seattle, WA, 98109",98109,4,"[{'level': 2, 'name': 'EV Plug (J1772)', 'count': 4}]", Seattle,POINT (-122.338144 47.62002),22,49,Cascade,South Lake Union,,16107105.419342,29323.5462843847,"2, EV Plug (J1772)",2,EVPlug(J1772)
53,45447,47.618848,-122.3467506,"5101 25th Avenue Northeast, Seattle, WA, 98105",98105,2,"[{'level': 2, 'name': 'EV Plug (J1772)', 'count': 2}]", Seattle,POINT (-122.3467506 47.618848),22,49,Cascade,South Lake Union,,16107105.419342,29323.5462843847,"2, EV Plug (J1772)",2,EVPlug(J1772)
61,47532,47.619143,-122.34536,"566 Denny Way, Seattle, WA, 98109",98109,1,"[{'level': 2, 'name': 'EV Plug (J1772)', 'count': 1}]", Seattle,POINT (-122.34536 47.619143),22,49,Cascade,South Lake Union,,16107105.419342,29323.5462843847,"2, EV Plug (J1772)",2,EVPlug(J1772)
65,50149,47.622544,-122.333913,"400 Fairview Avenue North, Seattle, WA, 98109",98109,6,"[{'level': 2, 'name': 'EV Plug (J1772)', 'count': 3}, {'level': 2, 'name': 'Tesla', 'count': 3}]", Seattle,POINT (-122.333913 47.622544),22,49,Cascade,South Lake Union,,16107105.419342,29323.5462843847,"2, EV Plug (J1772), 2, Tesla","2, 2","EVPlug(J1772),Tesla"
72,53750,47.62066,-122.32952,"222 Yale Avenue, Seattle, WA, 98109",98109,3,"[{'level': 2, 'name': 'EV Plug (J1772)', 'count': 1}, {'level': 3, 'name': 'CCS & CHAdeMO', 'count': 2}]", Seattle,POINT (-122.32952 47.62066),22,49,Cascade,South Lake Union,,16107105.419342,29323.5462843847,"2, EV Plug (J1772), 3, CCS & CHAdeMO","2, 3","EVPlug(J1772),CCS&CHAdeMO"
75,54700,47.6266892,-122.341933,"810 Dexter Ave., North, Seattle, WA, 98109",98109,4,"[{'level': 2, 'name': 'EV Plug (J1772)', 'count': 4}]", Seattle,POINT (-122.341933 47.6266892),22,49,Cascade,South Lake Union,,16107105.419342,29323.5462843847,"2, EV Plug (J1772)",2,EVPlug(J1772)
76,55382,47.6212984,-122.3407408,"300 8th Avenue North, Seattle, WA, 98109",98109,1,"[{'level': 2, 'name': 'EV Plug (J1772)', 'count': 1}]", Seattle,POINT (-122.3407408 47.6212984),22,49,Cascade,South Lake Union,,16107105.419342,29323.5462843847,"2, EV Plug (J1772)",2,EVPlug(J1772)
78,56453,47.623327,-122.336677,"550 Terry Avenue North, Seattle, WA, 98109",98109,4,"[{'level': 2, 'name': 'EV Plug (J1772)', 'count': 4}]", Seattle,POINT (-122.336677 47.623327),22,49,Cascade,South Lake Union,,16107105.419342,29323.5462843847,"2, EV Plug (J1772)",2,EVPlug(J1772)
79,56454,47.623911,-122.337694,"535 Terry Avenue North, Seattle, WA, 98109",98109,4,"[{'level': 2, 'name': 'EV Plug (J1772)', 'count': 4}]", Seattle,POINT (-122.337694 47.623911),22,49,Cascade,South Lake Union,,16107105.419342,29323.5462843847,"2, EV Plug (J1772)",2,EVPlug(J1772)
80,56455,47.623537,-122.335474,"500 Boren Avenue North, Seattle, WA, 98109",98109,2,"[{'level': 2, 'name': 'EV Plug (J1772)', 'count': 2}]", Seattle,POINT (-122.335474 47.623537),22,49,Cascade,South Lake Union,,16107105.419342,29323.5462843847,"2, EV Plug (J1772)",2,EVPlug(J1772)
81,56457,47.621851,-122.336423,"345 Boren Avenue North, Seattle, WA, 98109",98109,4,"[{'level': 2, 'name': 'EV Plug (J1772)', 'count': 4}]", Seattle,POINT (-122.336423 47.621851),22,49,Cascade,South Lake Union,,16107105.419342,29323.5462843847,"2, EV Plug (J1772)",2,EVPlug(J1772)
82,56458,47.620267,-122.336259,"207 Boren Avenue North, Seattle, WA, 98109",98109,7,"[{'level': 2, 'name': 'EV Plug (J1772)', 'count': 7}]", Seattle,POINT (-122.336259 47.620267),22,49,Cascade,South Lake Union,,16107105.419342,29323.5462843847,"2, EV Plug (J1772)",2,EVPlug(J1772)
86,56722,47.6211672,-122.3354501,"300 Boren Avenue North, Seattle, WA, 98109",98109,16,"[{'level': 2, 'name': 'EV Plug (J1772)', 'count': 16}]", Seattle,POINT (-122.3354501 47.6211672),22,49,Cascade,South Lake Union,,16107105.419342,29323.5462843847,"2, EV Plug (J1772)",2,EVPlug(J1772)
87,58012,47.622264,-122.342164,"400 Dexter Avenue North, Seattle, WA, 98109",98109,4,"[{'level': 2, 'name': 'EV Plug (J1772)', 'count': 4}]", Seattle,POINT (-122.342164 47.622264),22,49,Cascade,South Lake Union,,16107105.419342,29323.5462843847,"2, EV Plug (J1772)",2,EVPlug(J1772)
111,67099,47.6241877,-122.3386584,"515 Westlake Avenue North, Seattle, WA, 98109",98109,13,"[{'level': 2, 'name': 'EV Plug (J1772)', 'count': 13}]", Seattle,POINT (-122.3386584 47.6241877),22,49,Cascade,South Lake Union,,16107105.419342,29323.5462843847,"2, EV Plug (J1772)",2,EVPlug(J1772)
113,67571,47.6228746,-122.3394194,"400 9th Avenue North, Seattle, WA, 98109",98109,7,"[{'level': 2, 'name': 'EV Plug (J1772)', 'count': 7}]", Seattle,POINT (-122.3394194 47.6228746),22,49,Cascade,South Lake Union,,16107105.419342,29323.5462843847,"2, EV Plug (J1772)",2,EVPlug(J1772)
116,67683,47.6233435,-122.334684,"501 Fairview Avenue North, Seattle, WA, 98109",98109,6,"[{'level': 2, 'name': 'EV Plug (J1772)', 'count': 6}]", Seattle,POINT (-122.334684 47.6233435),22,49,Cascade,South Lake Union,,16107105.419342,29323.5462843847,"2, EV Plug (J1772)",2,EVPlug(J1772)
127,71856,47.625077,-122.339032,"615 Westlake Avenue North, Seattle, WA, 98109",98109,4,"[{'level': 2, 'name': 'EV Plug (J1772)', 'count': 4}]", Seattle,POINT (-122.339032 47.625077),22,49,Cascade,South Lake Union,,16107105.419342,29323.5462843847,"2, EV Plug (J1772)",2,EVPlug(J1772)
140,79226,47.622575,-122.335481,"400 Boren Avenue North, Seattle, WA, 98109",98109,2,"[{'level': 2, 'name': 'EV Plug (J1772)', 'count': 2}]", Seattle,POINT (-122.335481 47.622575),22,49,Cascade,South Lake Union,,16107105.419342,29323.5462843847,"2, EV Plug (J1772)",2,EVPlug(J1772)
188,102808,47.622775,-122.336346,"440 Terry Avenue North, Seattle, WA, 98109",98109,4,"[{'level': 2, 'name': 'EV Plug (J1772)', 'count': 4}]", Seattle,POINT (-122.336346 47.622775),22,49,Cascade,South Lake Union,,16107105.419342,29323.5462843847,"2, EV Plug (J1772)",2,EVPlug(J1772)
218,120928,47.63062509304386,-122.3281352912308,"1165 Elake Avenue East, Seattle, WA, 98109",98109,2,"[{'level': 2, 'name': 'EV Plug (J1772)', 'count': 2}]", Seattle,POINT (-122.3281352912308 47.63062509304386),22,49,Cascade,South Lake Union,,16107105.419342,29323.5462843847,"2, EV Plug (J1772)",2,EVPlug(J1772)
226,122252,47.625578,-122.342054,"700 Roy Street, Seattle, WA, 98109",98109,10,"[{'level': 2, 'name': 'EV Plug (J1772)', 'count': 8}, {'level': 2, 'name': 'EV Plug (J1772)', 'count': 2}]", Seattle,POINT (-122.342054 47.625578),22,49,Cascade,South Lake Union,,16107105.419342,29323.5462843847,"2, EV Plug (J1772), 2, EV Plug (J1772)","2, 2","EVPlug(J1772),EVPlug(J1772)"
234,129767,47.61928,-122.348035,"140 4th Avenue North, Seattle, WA, 98109",98109,8,"[{'level': 2, 'name': 'EV Plug (J1772)', 'count': 8}]", Seattle,POINT (-122.348035 47.61928),22,49,Cascade,South Lake Union,,16107105.419342,29323.5462843847,"2, EV Plug (J1772)",2,EVPlug(J1772)
238,132420,47.6250127,-122.3364747,"602 Terry Avenue North, Seattle, WA, 98109",98109,6,"[{'level': 2, 'name': 'EV Plug (J1772)', 'count': 6}]", Seattle,POINT (-122.3364747 47.6250127),22,49,Cascade,South Lake Union,,16107105.419342,29323.5462843847,"2, EV Plug (J1772)",2,EVPlug(J1772)
239,132421,47.6254177,-122.335525,"630 Boren Avenue North, Seattle, WA, 98109",98109,6,"[{'level': 2, 'name': 'EV Plug (J1772)', 'count': 6}]", Seattle,POINT (-122.335525 47.6254177),22,49,Cascade,South Lake Union,,16107105.419342,29323.5462843847,"2, EV Plug (J1772)",2,EVPlug(J1772)
241,133488,47.624014,-122.336271,"551 Boren Avenue North, Seattle, WA, 98109",98109,1,"[{'level': 2, 'name': 'EV Plug (J1772)', 'count': 1}]", Seattle,POINT (-122.336271 47.624014),22,49,Cascade,South Lake Union,,16107105.419342,29323.5462843847,"2, EV Plug (J1772)",2,EVPlug(J1772)
243,133939,47.62044,-122.336175,"207 Boren Avenue, Seattle, WA, 98109",98109,3,"[{'level': 2, 'name': 'EV Plug (J1772)', 'count': 3}]", Seattle,POINT (-122.336175 47.62044),22,49,Cascade,South Lake Union,,16107105.419342,29323.5462843847,"2, EV Plug (J1772)",2,EVPlug(J1772)
244,133940,47.621486,-122.336188,"333 Boren Avenue North, Seattle, WA, 98109",98109,2,"[{'level': 2, 'name': 'EV Plug (J1772)', 'count': 2}]", Seattle,POINT (-122.336188 47.621486),22,49,Cascade,South Lake Union,,16107105.419342,29323.5462843847,"2, EV Plug (J1772)",2,EVPlug(J1772)
245,133941,47.623798,-122.337642,"535 Terry Avenue North, Seattle, WA, 98109",98109,1,"[{'level': 2, 'name': 'EV Plug (J1772)', 'count': 1}]", Seattle,POINT (-122.337642 47.623798),22,49,Cascade,South Lake Union,,16107105.419342,29323.5462843847,"2, EV Plug (J1772)",2,EVPlug(J1772)
246,134085,47.62398,-122.335809,"526 Boren Avenue North, Seattle, WA, 98109",98109,11,"[{'level': 2, 'name': 'EV Plug (J1772)', 'count': 11}]", Seattle,POINT (-122.335809 47.62398),22,49,Cascade,South Lake Union,,16107105.419342,29323.5462843847,"2, EV Plug (J1772)",2,EVPlug(J1772)
21,36825,47.633992,-122.339684,"1700 Westlake Avenue North, Seattle, WA, 98109",98109,2,"[{'level': 2, 'name': 'EV Plug (J1772)', 'count': 2}]", Seattle,POINT (-122.339684 47.633992),20,47,Cascade,Westlake,,3645184.07894897,11017.3231739615,"2, EV Plug (J1772)",2,EVPlug(J1772)
105,66361,47.6289,-122.341536,"1101 Westlake Avenue North, Seattle, WA, 98109",98109,4,"[{'level': 2, 'name': 'EV Plug (J1772)', 'count': 4}]", Seattle,POINT (-122.341536 47.6289),20,47,Cascade,Westlake,,3645184.07894897,11017.3231739615,"2, EV Plug (J1772)",2,EVPlug(J1772)
107,66768,47.6283848,-122.3418983,"1000 Dexter Avenue North, Seattle, WA, 98109",98109,8,"[{'level': 2, 'name': 'EV Plug (J1772)', 'count': 8}]", Seattle,POINT (-122.3418983 47.6283848),20,47,Cascade,Westlake,,3645184.07894897,11017.3231739615,"2, EV Plug (J1772)",2,EVPlug(J1772)
256,136381,47.6293,-122.339449,"1200 Westlake Avenue North, Seattle, WA, 98109",98109,6,"[{'level': 2, 'name': 'EV Plug (J1772)', 'count': 6}]", Seattle,POINT (-122.339449 47.6293),20,47,Cascade,Westlake,,3645184.07894897,11017.3231739615,"2, EV Plug (J1772)",2,EVPlug(J1772)
25,37110,47.609501,-122.326457,"1012 Terry Avenue, Seattle, WA, 98101",98101,3,"[{'level': 2, 'name': 'EV Plug (J1772)', 'count': 3}]", Seattle,POINT (-122.326457 47.609501),36,63,Downtown,First Hill,,9517568.47363281,13225.2335159542,"2, EV Plug (J1772)",2,EVPlug(J1772)
28,37368,47.613498,-122.320931,"1425 Broadway, Seattle, WA, 98122",98122,2,"[{'level': 2, 'name': 'EV Plug (J1772)', 'count': 2}]", Seattle,POINT (-122.320931 47.613498),36,63,Downtown,First Hill,,9517568.47363281,13225.2335159542,"2, EV Plug (J1772)",2,EVPlug(J1772)
63,48596,47.610087,-122.322114,"1229 Madison Street, Seattle, WA, 98104",98104,4,"[{'level': 2, 'name': 'EV Plug (J1772)', 'count': 4}]", Seattle,POINT (-122.322114 47.610087),36,63,Downtown,First Hill,,9517568.47363281,13225.2335159542,"2, EV Plug (J1772)",2,EVPlug(J1772)
114,67602,47.6078691,-122.3196562,"600 Broadway, Seattle, WA, 98122",98122,6,"[{'level': 2, 'name': 'EV Plug (J1772)', 'count': 6}]", Seattle,POINT (-122.3196562 47.6078691),36,63,Downtown,First Hill,,9517568.47363281,13225.2335159542,"2, EV Plug (J1772)",2,EVPlug(J1772)
128,73691,47.6091997,-122.3241094,"1101 Madison Street, Seattle, WA, 98104",98104,6,"[{'level': 2, 'name': 'EV Plug (J1772)', 'count': 6}]", Seattle,POINT (-122.3241094 47.6091997),36,63,Downtown,First Hill,,9517568.47363281,13225.2335159542,"2, EV Plug (J1772)",2,EVPlug(J1772)
142,79509,47.6065736,-122.3230702,"1050 James Street, Seattle, WA, 98104",98104,2,"[{'level': 2, 'name': 'EV Plug (J1772)', 'count': 2}]", Seattle,POINT (-122.3230702 47.6065736),36,63,Downtown,First Hill,,9517568.47363281,13225.2335159542,"2, EV Plug (J1772)",2,EVPlug(J1772)
156,84667,47.613457,-122.321919,"1406 Harvard Avenue, Seattle, WA, 98122",98122,1,"[{'level': 3, 'name': 'CCS & CHAdeMO', 'count': 1}]", Seattle,POINT (-122.321919 47.613457),36,63,Downtown,First Hill,,9517568.47363281,13225.2335159542,"3, CCS & CHAdeMO",3,CCS&CHAdeMO
162,88199,47.605888,-122.324733,"600 9th Avenue, Seattle, WA, 98104",98104,2,"[{'level': 2, 'name': 'EV Plug (J1772)', 'count': 2}]", Seattle,POINT (-122.324733 47.605888),36,63,Downtown,First Hill,,9517568.47363281,13225.2335159542,"2, EV Plug (J1772)",2,EVPlug(J1772)
179,97562,47.611261,-122.320999,"1001 Broadway, Seattle, WA, 98122",98122,4,"[{'level': 3, 'name': 'CCS & CHAdeMO', 'count': 4}]", Seattle,POINT (-122.320999 47.611261),36,63,Downtown,First Hill,,9517568.47363281,13225.2335159542,"3, CCS & CHAdeMO",3,CCS&CHAdeMO
184,99507,47.6086439,-122.3236997,"1124 Columbia Street, Seattle, WA, 98104",98104,2,"[{'level': 2, 'name': 'EV Plug (J1772)', 'count': 2}]", Seattle,POINT (-122.3236997 47.6086439),36,63,Downtown,First Hill,,9517568.47363281,13225.2335159542,"2, EV Plug (J1772)",2,EVPlug(J1772)
26,37193,47.5926384626354,-122.330869270063,"300 South Royal Brougham Way, Seattle, WA, 98104",98104,2,"[{'level': 2, 'name': 'EV Plug (J1772)', 'count': 2}]", Seattle,POINT (-122.330869270063 47.5926384626354),38,65,Downtown,Pioneer Square,,7545979.0869751,17297.5867148564,"2, EV Plug (J1772)",2,EVPlug(J1772)
29,37372,47.597446,-122.330456,"338 Weller Street Bridge, Seattle, WA, 98134",98134,4,"[{'level': 3, 'name': 'CCS & CHAdeMO', 'count': 2}, {'level': 3, 'name': 'CCS & CHAdeMO', 'count': 2}]", Seattle,POINT (-122.330456 47.597446),38,65,Downtown,Pioneer Square,,7545979.0869751,17297.5867148564,"3, CCS & CHAdeMO, 3, CCS & CHAdeMO","3, 3","CCS&CHAdeMO,CCS&CHAdeMO"
35,38814,47.6031,-122.327484,"415 6th Avenue, Seattle, WA, 98104",98104,4,"[{'level': 2, 'name': 'EV Plug (J1772)', 'count': 1}, {'level': 2, 'name': 'EV Plug (J1772)', 'count': 3}]", Seattle,POINT (-122.327484 47.6031),38,65,Downtown,Pioneer Square,,7545979.0869751,17297.5867148564,"2, EV Plug (J1772), 2, EV Plug (J1772)","2, 2","EVPlug(J1772),EVPlug(J1772)"
40,39892,47.59856,-122.330929,"201 South Jackson Street, Seattle, WA, 98104",98104,6,"[{'level': 2, 'name': 'EV Plug (J1772)', 'count': 6}]", Seattle,POINT (-122.330929 47.59856),38,65,Downtown,Pioneer Square,,7545979.0869751,17297.5867148564,"2, EV Plug (J1772)",2,EVPlug(J1772)
44,41081,47.603627,-122.328074,"500 5th Avenue, Seattle, WA, 98104",98104,2,"[{'level': 2, 'name': 'EV Plug (J1772)', 'count': 2}]", Seattle,POINT (-122.328074 47.603627),38,65,Downtown,Pioneer Square,,7545979.0869751,17297.5867148564,"2, EV Plug (J1772)",2,EVPlug(J1772)
62,48175,47.5974244,-122.3347174,"505 1st Avenue South, Seattle, WA, 98104",98104,15,"[{'level': 2, 'name': 'EV Plug (J1772)', 'count': 15}]", Seattle,POINT (-122.3347174 47.5974244),38,65,Downtown,Pioneer Square,,7545979.0869751,17297.5867148564,"2, EV Plug (J1772)",2,EVPlug(J1772)
71,53633,47.599,-122.330804,"253-295 South Jackson Street, Seattle, WA, 98104",98104,1,"[{'level': 2, 'name': 'EV Plug (J1772)', 'count': 1}]", Seattle,POINT (-122.330804 47.599),38,65,Downtown,Pioneer Square,,7545979.0869751,17297.5867148564,"2, EV Plug (J1772)",2,EVPlug(J1772)
91,58807,47.5987016,-122.3351902,"450 Alaskan Way, Seattle, WA, 98104",98104,3,"[{'level': 2, 'name': 'EV Plug (J1772)', 'count': 3}]", Seattle,POINT (-122.3351902 47.5987016),38,65,Downtown,Pioneer Square,,7545979.0869751,17297.5867148564,"2, EV Plug (J1772)",2,EVPlug(J1772)
102,64354,47.5977415,-122.3329233,"520 Occidental Avenue South, Seattle, WA, 98134",98134,8,"[{'level': 2, 'name': 'EV Plug (J1772)', 'count': 7}, {'level': 2, 'name': 'EV Plug (J1772)', 'count': 1}]", Seattle,POINT (-122.3329233 47.5977415),38,65,Downtown,Pioneer Square,,7545979.0869751,17297.5867148564,"2, EV Plug (J1772), 2, EV Plug (J1772)","2, 2","EVPlug(J1772),EVPlug(J1772)"
126,71327,47.5980919,-122.3309701,"255 South King Street, Seattle, WA, 98104",98104,8,"[{'level': 2, 'name': 'EV Plug (J1772)', 'count': 8}]", Seattle,POINT (-122.3309701 47.5980919),38,65,Downtown,Pioneer Square,,7545979.0869751,17297.5867148564,"2, EV Plug (J1772)",2,EVPlug(J1772)
200,110603,47.602553,-122.332883,"611 2nd Avenue, Seattle, WA, 98104",98104,4,"[{'level': 2, 'name': 'EV Plug (J1772)', 'count': 4}]", Seattle,POINT (-122.332883 47.602553),38,65,Downtown,Pioneer Square,,7545979.0869751,17297.5867148564,"2, EV Plug (J1772)",2,EVPlug(J1772)
31,37830,47.658409,-122.318392,"4225 Roosevelt Way Northeast, Seattle, WA, 98105",98105,2,"[{'level': 2, 'name': 'EV Plug (J1772)', 'count': 2}]", Seattle,POINT (-122.318392 47.658409),90,121,University District,University District,,13686254.8569946,21581.6459789299,"2, EV Plug (J1772)",2,EVPlug(J1772)
45,41182,47.658961,-122.3185,"4245 Roosevelt Avenue Northeast, Seattle, WA, 98105",98105,2,"[{'level': 2, 'name': 'EV Plug (J1772)', 'count': 2}]", Seattle,POINT (-122.3185 47.658961),90,121,University District,University District,,13686254.8569946,21581.6459789299,"2, EV Plug (J1772)",2,EVPlug(J1772)
95,61183,47.661869,-122.315415,"4501 12th Avenue Northeast, Seattle, WA, 98105",98105,2,"[{'level': 2, 'name': 'Tesla', 'count': 2}]", Seattle,POINT (-122.315415 47.661869),90,121,University District,University District,,13686254.8569946,21581.6459789299,"2, Tesla",2,Tesla
169,88349,47.660696,-122.315595,"4317 12th Avenue Northeast, Seattle, WA, 98105",98105,2,"[{'level': 2, 'name': 'EV Plug (J1772)', 'count': 2}]", Seattle,POINT (-122.315595 47.660696),90,121,University District,University District,,13686254.8569946,21581.6459789299,"2, EV Plug (J1772)",2,EVPlug(J1772)
223,121604,47.6548806651459,-122.319211227533,"814 Northeast Northlake Place, Seattle, WA, 98105",98105,4,"[{'level': 2, 'name': 'EV Plug (J1772)', 'count': 4}]", Seattle,POINT (-122.319211227533 47.6548806651459),90,121,University District,University District,,13686254.8569946,21581.6459789299,"2, EV Plug (J1772)",2,EVPlug(J1772)
33,38079,47.536812,-122.303923,"7259 King County Airport Access Road, Seattle, WA, 98108",98108,4,"[{'level': 2, 'name': 'EV Plug (J1772)', 'count': 4}]", Seattle,POINT (-122.303923 47.536812),41,68,Greater Duwamish,Georgetown,,51305072.6461182,45963.6656769607,"2, EV Plug (J1772)",2,EVPlug(J1772)
99,63035,47.541945,-122.324328,"6701 Corson Avenue South, Seattle, WA, 98108",98108,5,"[{'level': 2, 'name': 'EV Plug (J1772)', 'count': 4}, {'level': 3, 'name': 'CCS & CHAdeMO', 'count': 1}]", Seattle,POINT (-122.324328 47.541945),41,68,Greater Duwamish,Georgetown,,51305072.6461182,45963.6656769607,"2, EV Plug (J1772), 3, CCS & CHAdeMO","2, 3","EVPlug(J1772),CCS&CHAdeMO"
185,99852,47.54795,-122.31837,"1112 South BAILEY Street, Seattle, WA, 98108",98108,4,"[{'level': 3, 'name': 'CCS & CHAdeMO', 'count': 1}, {'level': 3, 'name': 'CCS & CCS', 'count': 3}]", Seattle,POINT (-122.31837 47.54795),41,68,Greater Duwamish,Georgetown,,51305072.6461182,45963.6656769607,"3, CCS & CHAdeMO, 3, CCS & CCS","3, 3","CCS&CHAdeMO,CCS&CCS"
240,133244,47.52439,-122.294334,"8555 Perimeter Road South, Seattle, WA, 98108",98108,2,"[{'level': 2, 'name': 'EV Plug (J1772)', 'count': 2}]", Seattle,POINT (-122.294334 47.52439),41,68,Greater Duwamish,Georgetown,,51305072.6461182,45963.6656769607,"2, EV Plug (J1772)",2,EVPlug(J1772)
252,134864,47.5469551,-122.3288731,"6100 4th Avenue South, Seattle, WA, 98108",98108,4,"[{'level': 2, 'name': 'EV Plug (J1772)', 'count': 4}]", Seattle,POINT (-122.3288731 47.5469551),41,68,Greater Duwamish,Georgetown,,51305072.6461182,45963.6656769607,"2, EV Plug (J1772)",2,EVPlug(J1772)
43,41045,47.668955,-122.388808,"2428 Northwest Market Street, Seattle, WA, 98107",98107,2,"[{'level': 2, 'name': 'EV Plug (J1772)', 'count': 2}]", Seattle,POINT (-122.388808 47.668955),1,28,Ballard,Ballard,Adams,22552132.9700012,29926.3393002841,"2, EV Plug (J1772)",2,EVPlug(J1772)
74,54382,47.6699634,-122.3847489,"5621 22nd Avenue, Northwest, Seattle, WA, 98107",98107,8,"[{'level': 2, 'name': 'EV Plug (J1772)', 'count': 3}, {'level': 2, 'name': 'EV Plug (J1772)', 'count': 1}, {'level': 2, 'name': 'EV Plug (J1772)', 'count': 4}]", Seattle,POINT (-122.3847489 47.6699634),1,28,Ballard,Ballard,Adams,22552132.9700012,29926.3393002841,"2, EV Plug (J1772), 2, EV Plug (J1772), 2, EV Plug (J1772)","2, 2, 2","EVPlug(J1772),EVPlug(J1772),EVPlug(J1772)"
170,88782,47.6743748,-122.3878536,"2401 Northwest 63rd Street, Seattle, WA, 98107",98107,1,"[{'level': 2, 'name': 'EV Plug (J1772)', 'count': 1}]", Seattle,POINT (-122.3878536 47.6743748),1,28,Ballard,Ballard,Adams,22552132.9700012,29926.3393002841,"2, EV Plug (J1772)",2,EVPlug(J1772)
50,44019,47.7084377,-122.3179225,"859 Northeast Northgate Way, Seattle, WA, 98125",98125,1,"[{'level': 2, 'name': 'EV Plug (J1772)', 'count': 1}]", Seattle,POINT (-122.3179225 47.7084377),86,116,Northgate,Maple Leaf,Olympic View,34380470.7826233,25503.0574082691,"2, EV Plug (J1772)",2,EVPlug(J1772)
52,44791,47.7033,-122.32519,"401 Northeast Northgate Way, Seattle, WA, 98125",98125,4,"[{'level': 2, 'name': 'EV Plug (J1772)', 'count': 3}, {'level': 3, 'name': 'CCS & CHAdeMO', 'count': 1}]", Seattle,POINT (-122.32519 47.7033),86,116,Northgate,Maple Leaf,Olympic View,34380470.7826233,25503.0574082691,"2, EV Plug (J1772), 3, CCS & CHAdeMO","2, 3","EVPlug(J1772),CCS&CHAdeMO"
104,66346,47.700774,-122.323775,"9800 4th Avenue Northeast, Seattle, WA, 98115",98115,2,"[{'level': 3, 'name': 'CCS & CHAdeMO', 'count': 1}, {'level': 3, 'name': 'CCS & CHAdeMO', 'count': 1}]", Seattle,POINT (-122.323775 47.700774),86,116,Northgate,Maple Leaf,Olympic View,34380470.7826233,25503.0574082691,"3, CCS & CHAdeMO, 3, CCS & CHAdeMO","3, 3","CCS&CHAdeMO,CCS&CHAdeMO"
139,79028,47.70846,-122.32489,"401 Northeast Northgate Way, Seattle, WA, 98125",98125,4,"[{'level': 2, 'name': 'EV Plug (J1772)', 'count': 1}, {'level': 3, 'name': 'CCS & CHAdeMO', 'count': 1}, {'level': 3, 'name': 'CCS & CCS', 'count': 2}]", Seattle,POINT (-122.32489 47.70846),86,116,Northgate,Maple Leaf,Olympic View,34380470.7826233,25503.0574082691,"2, EV Plug (J1772), 3, CCS & CHAdeMO, 3, CCS & CCS","2, 3, 3","EVPlug(J1772),CCS&CHAdeMO,CCS&CCS"
181,99339,47.705956,-122.327133,"401 Northeast Northgate Way, Seattle, WA, 98125",98125,16,"[{'level': 3, 'name': 'Tesla Supercharger', 'count': 16}]", Seattle,POINT (-122.327133 47.705956),86,116,Northgate,Maple Leaf,Olympic View,34380470.7826233,25503.0574082691,"3, Tesla Supercharger",3,TeslaSupercharger
208,114416,47.706948,-122.320856,"10711 8th Avenue Northeast, Seattle, WA, 98125",98125,4,"[{'level': 2, 'name': 'EV Plug (J1772)', 'count': 2}, {'level': 2, 'name': 'EV Plug (J1772)', 'count': 2}]", Seattle,POINT (-122.320856 47.706948),86,116,Northgate,Maple Leaf,Olympic View,34380470.7826233,25503.0574082691,"2, EV Plug (J1772), 2, EV Plug (J1772)","2, 2","EVPlug(J1772),EVPlug(J1772)"
236,130961,47.707951,-122.321496,"525 Northeast Northgate Way, Seattle, WA, 98125",98125,4,"[{'level': 2, 'name': 'EV Plug (J1772)', 'count': 4}]", Seattle,POINT (-122.321496 47.707951),86,116,Northgate,Maple Leaf,Olympic View,34380470.7826233,25503.0574082691,"2, EV Plug (J1772)",2,EVPlug(J1772)
51,44730,47.616571,-122.342673,"588 Bell Street, Seattle, WA, 98121",98121,29,"[{'level': 2, 'name': 'EV Plug (J1772)', 'count': 2}, {'level': 2, 'name': 'EV Plug (J1772)', 'count': 21}, {'level': 2, 'name': 'EV Plug (J1772)', 'count': 6}]", Seattle,POINT (-122.342673 47.616571),33,60,Downtown,Belltown,Denny Regrade,9845864.78594971,17836.7271544608,"2, EV Plug (J1772), 2, EV Plug (J1772), 2, EV Plug (J1772)","2, 2, 2","EVPlug(J1772),EVPlug(J1772),EVPlug(J1772)"
59,46834,47.610669,-122.346572,"2100 Alaskan Way, Seattle, WA, 98121",98121,3,"[{'level': 2, 'name': 'EV Plug (J1772)', 'count': 1}, {'level': 2, 'name': 'Tesla', 'count': 2}]", Seattle,POINT (-122.346572 47.610669),33,60,Downtown,Belltown,Denny Regrade,9845864.78594971,17836.7271544608,"2, EV Plug (J1772), 2, Tesla","2, 2","EVPlug(J1772),Tesla"
117,67787,47.616992,-122.343984,"583 Battery Street, Seattle, WA, 98121",98121,29,"[{'level': 2, 'name': 'EV Plug (J1772)', 'count': 29}]", Seattle,POINT (-122.343984 47.616992),33,60,Downtown,Belltown,Denny Regrade,9845864.78594971,17836.7271544608,"2, EV Plug (J1772)",2,EVPlug(J1772)
132,74813,47.6166344,-122.3495259,"225 Cedar Street, Seattle, WA, 98121",98121,2,"[{'level': 2, 'name': 'EV Plug (J1772)', 'count': 2}]", Seattle,POINT (-122.3495259 47.6166344),33,60,Downtown,Belltown,Denny Regrade,9845864.78594971,17836.7271544608,"2, EV Plug (J1772)",2,EVPlug(J1772)
157,84903,47.612154,-122.345283,"2125 1st Avenue, Seattle, WA, 98121",98121,2,"[{'level': 2, 'name': 'EV Plug (J1772)', 'count': 2}]", Seattle,POINT (-122.345283 47.612154),33,60,Downtown,Belltown,Denny Regrade,9845864.78594971,17836.7271544608,"2, EV Plug (J1772)",2,EVPlug(J1772)
195,106777,47.6144471,-122.3410102,"2105 5th Avenue, Seattle, WA, 98121",98121,2,"[{'level': 2, 'name': 'EV Plug (J1772)', 'count': 2}]", Seattle,POINT (-122.3410102 47.6144471),33,60,Downtown,Belltown,Denny Regrade,9845864.78594971,17836.7271544608,"2, EV Plug (J1772)",2,EVPlug(J1772)
207,114016,47.61588,-122.343138,"2235 5th Avenue, Seattle, WA, 98121",98121,4,"[{'level': 2, 'name': 'EV Plug (J1772)', 'count': 2}, {'level': 2, 'name': 'EV Plug (J1772)', 'count': 2}]", Seattle,POINT (-122.343138 47.61588),33,60,Downtown,Belltown,Denny Regrade,9845864.78594971,17836.7271544608,"2, EV Plug (J1772), 2, EV Plug (J1772)","2, 2","EVPlug(J1772),EVPlug(J1772)"
214,118870,47.614387,-122.351622,"2600 Elliott Avenue, Seattle, WA, 98121",98121,2,"[{'level': 2, 'name': 'EV Plug (J1772)', 'count': 2}]", Seattle,POINT (-122.351622 47.614387),33,60,Downtown,Belltown,Denny Regrade,9845864.78594971,17836.7271544608,"2, EV Plug (J1772)",2,EVPlug(J1772)
215,119164,47.6153062,-122.3521142,"2717 Western Avenue, Seattle, WA, 98121",98121,2,"[{'level': 2, 'name': 'EV Plug (J1772)', 'count': 2}]", Seattle,POINT (-122.3521142 47.6153062),33,60,Downtown,Belltown,Denny Regrade,9845864.78594971,17836.7271544608,"2, EV Plug (J1772)",2,EVPlug(J1772)
255,135169,47.6160967,-122.3527187,"2800 Western Avenue, Seattle, WA, 98121",98121,4,"[{'level': 2, 'name': 'EV Plug (J1772)', 'count': 4}]", Seattle,POINT (-122.3527187 47.6160967),33,60,Downtown,Belltown,Denny Regrade,9845864.78594971,17836.7271544608,"2, EV Plug (J1772)",2,EVPlug(J1772)
64,49727,47.66159,-122.324877,"300 Northeast 45th Street, Seattle, WA, 98105",98105,2,"[{'level': 2, 'name': 'EV Plug (J1772)', 'count': 1}, {'level': 2, 'name': 'EV Plug (J1772)', 'count': 1}]", Seattle,POINT (-122.324877 47.66159),5,32,North Central,Wallingford,"Meridian, Tangle Town, Northlake",42068342.6137695,33040.2469861198,"2, EV Plug (J1772), 2, EV Plug (J1772)","2, 2","EVPlug(J1772),EVPlug(J1772)"
122,70244,47.661523,-122.324913,"324 Northeast 45th Street, Seattle, WA, 98105",98105,2,"[{'level': 2, 'name': 'Tesla', 'count': 2}]", Seattle,POINT (-122.324913 47.661523),5,32,North Central,Wallingford,"Meridian, Tangle Town, Northlake",42068342.6137695,33040.2469861198,"2, Tesla",2,Tesla
222,121603,47.6492281351155,-122.342061617054,"3400 Stone Way North, Seattle, WA, 98103",98103,4,"[{'level': 2, 'name': 'EV Plug (J1772)', 'count': 4}]", Seattle,POINT (-122.342061617054 47.6492281351155),5,32,North Central,Wallingford,"Meridian, Tangle Town, Northlake",42068342.6137695,33040.2469861198,"2, EV Plug (J1772)",2,EVPlug(J1772)
68,51716,47.595392,-122.311507,"807 Rainier Avenue South, Seattle, WA, 98144",98144,2,"[{'level': 2, 'name': 'EV Plug (J1772)', 'count': 2}]", Seattle,POINT (-122.311507 47.595392),52,79,Beacon Hill,North Beacon Hill,Jefferson Park,48475914.4557953,33865.4891739901,"2, EV Plug (J1772)",2,EVPlug(J1772)
97,61482,47.58002,-122.312203,"2535 16th Avenue South, Seattle, WA, 98144",98144,2,"[{'level': 3, 'name': 'CCS & CHAdeMO', 'count': 2}]", Seattle,POINT (-122.312203 47.58002),52,79,Beacon Hill,North Beacon Hill,Jefferson Park,48475914.4557953,33865.4891739901,"3, CCS & CHAdeMO",3,CCS&CHAdeMO
194,105833,47.595546,-122.31163,"801 Rainier Avenue South, Seattle, WA, 98144",98144,2,"[{'level': 2, 'name': 'EV Plug (J1772)', 'count': 2}]", Seattle,POINT (-122.31163 47.595546),52,79,Beacon Hill,North Beacon Hill,Jefferson Park,48475914.4557953,33865.4891739901,"2, EV Plug (J1772)",2,EVPlug(J1772)
70,53566,47.661471,-122.299298,"2616 Northeast 46th Street, Seattle, WA, 98105",98105,2,"[{'level': 2, 'name': 'EV Plug (J1772)', 'count': 2}]", Seattle,POINT (-122.299298 47.661471),9,36,Northeast,Ravenna,University Village,36783391.5366516,31163.6208763331,"2, EV Plug (J1772)",2,EVPlug(J1772)
93,60328,47.661361,-122.298284,"2623 Northeast University Village Street, Seattle, WA, 98105",98105,2,"[{'level': 2, 'name': 'EV Plug (J1772)', 'count': 2}]", Seattle,POINT (-122.298284 47.661361),9,36,Northeast,Ravenna,University Village,36783391.5366516,31163.6208763331,"2, EV Plug (J1772)",2,EVPlug(J1772)
144,79978,47.663902,-122.300245,"2520 Northeast University Village Street, Seattle, WA, 98105",98105,10,"[{'level': 2, 'name': 'EV Plug (J1772)', 'count': 4}, {'level': 2, 'name': 'EV Plug (J1772)', 'count': 6}]", Seattle,POINT (-122.300245 47.663902),9,36,Northeast,Ravenna,University Village,36783391.5366516,31163.6208763331,"2, EV Plug (J1772), 2, EV Plug (J1772)","2, 2","EVPlug(J1772),EVPlug(J1772)"
225,121606,47.6619766883491,-122.293346008603,"4516 Union Bay Place Northeast, Seattle, WA, 98105",98105,5,"[{'level': 2, 'name': 'EV Plug (J1772)', 'count': 5}]", Seattle,POINT (-122.293346008603 47.6619766883491),9,36,Northeast,Ravenna,University Village,36783391.5366516,31163.6208763331,"2, EV Plug (J1772)",2,EVPlug(J1772)
88,58227,47.5975217,-122.3276786,"505 Union Station, 505 5th Avenue South, Seattle, WA, 98104",98104,4,"[{'level': 2, 'name': 'EV Plug (J1772)', 'count': 4}]", Seattle,POINT (-122.3276786 47.5975217),34,61,Downtown,International District,"Chinatown, ID, Little Saigon",6169375.81655884,11772.3871410021,"2, EV Plug (J1772)",2,EVPlug(J1772)
129,73857,47.5975078,-122.328595,"550 4th Avenue South, Seattle, WA, 98134",98134,4,"[{'level': 2, 'name': 'EV Plug (J1772)', 'count': 4}]", Seattle,POINT (-122.328595 47.5975078),34,61,Downtown,International District,"Chinatown, ID, Little Saigon",6169375.81655884,11772.3871410021,"2, EV Plug (J1772)",2,EVPlug(J1772)
89,58314,47.703632,-122.3565066,"211 North 103rd Street, Seattle, WA, 98133",98133,1,"[{'level': 2, 'name': 'EV Plug (J1772)', 'count': 1}]", Seattle,POINT (-122.3565066 47.703632),88,118,Northwest,Greenwood,,42044563.6731262,26501.5265911049,"2, EV Plug (J1772)",2,EVPlug(J1772)
90,58318,47.7033895,-122.3558363,"10215 Greenwood Avenue North, Seattle, WA, 98133",98133,2,"[{'level': 2, 'name': 'EV Plug (J1772)', 'count': 2}]", Seattle,POINT (-122.3558363 47.7033895),88,118,Northwest,Greenwood,,42044563.6731262,26501.5265911049,"2, EV Plug (J1772)",2,EVPlug(J1772)
197,108899,47.691832,-122.35681,"8623 Palatine Avenue North, Seattle, WA, 98103",98103,2,"[{'level': 2, 'name': 'EV Plug (J1772)', 'count': 2}]", Seattle,POINT (-122.35681 47.691832),88,118,Northwest,Greenwood,,42044563.6731262,26501.5265911049,"2, EV Plug (J1772)",2,EVPlug(J1772)
198,108900,47.69158,-122.356266,"8616 Palatine Avenue North, Seattle, WA, 98103",98103,2,"[{'level': 2, 'name': 'EV Plug (J1772)', 'count': 2}]", Seattle,POINT (-122.356266 47.69158),88,118,Northwest,Greenwood,,42044563.6731262,26501.5265911049,"2, EV Plug (J1772)",2,EVPlug(J1772)
210,117152,47.701359,-122.363146,"9999 Holman Road Northwest, Seattle, WA, 98117",98117,4,"[{'level': 3, 'name': 'CCS & CHAdeMO', 'count': 4}]", Seattle,POINT (-122.363146 47.701359),88,118,Northwest,Greenwood,,42044563.6731262,26501.5265911049,"3, CCS & CHAdeMO",3,CCS&CHAdeMO
101,63369,47.546291,-122.351988,"6000 16th Avenue Southwest, Seattle, WA, 98106",98106,4,"[{'level': 2, 'name': 'EV Plug (J1772)', 'count': 4}]", Seattle,POINT (-122.351988 47.546291),64,91,Delridge,Riverview,,33038267.1929626,25917.1176391015,"2, EV Plug (J1772)",2,EVPlug(J1772)
158,85383,47.547708,-122.352708,"6000 16th Avenue Southwest, Seattle, WA, 98106",98106,1,"[{'level': 3, 'name': 'CCS & CHAdeMO', 'count': 1}]", Seattle,POINT (-122.352708 47.547708),64,91,Delridge,Riverview,,33038267.1929626,25917.1176391015,"3, CCS & CHAdeMO",3,CCS&CHAdeMO
106,66607,47.6825805,-122.317165,"7300 Roosevelt Way Northeast, Seattle, WA, 98115",98115,2,"[{'level': 2, 'name': 'EV Plug (J1772)', 'count': 2}]", Seattle,POINT (-122.317165 47.6825805),14,41,Northeast,Roosevelt,Fairview,21491594.324707,22866.0797374364,"2, EV Plug (J1772)",2,EVPlug(J1772)
109,66898,47.713224,-122.298415,"11536 Lake City Way Northeast, Seattle, WA, 98125",98125,1,"[{'level': 3, 'name': 'CCS & CHAdeMO', 'count': 1}]", Seattle,POINT (-122.298415 47.713224),77,104,Lake City,Meadowbrook,,17034848.7789307,18770.2820324215,"3, CCS & CHAdeMO",3,CCS&CHAdeMO
110,66933,47.649948,-122.30746,"1959 Northeast Pacific Street, Seattle, WA, 98195",98195,4,"[{'level': 2, 'name': 'EV Plug (J1772)', 'count': 4}]", Seattle,POINT (-122.30746 47.649948),15,42,University District,University of Washington,,25523675.1180115,30983.2126641678,"2, EV Plug (J1772)",2,EVPlug(J1772)
163,88343,47.648934,-122.302389,"3800 Montlake Boulevard Northeast, Seattle, WA, 98195",98195,2,"[{'level': 2, 'name': 'EV Plug (J1772)', 'count': 2}]", Seattle,POINT (-122.302389 47.648934),15,42,University District,University of Washington,,25523675.1180115,30983.2126641678,"2, EV Plug (J1772)",2,EVPlug(J1772)
164,88344,47.650072,-122.310852,"3500 Columbia Road, Seattle, WA, 98195",98195,1,"[{'level': 2, 'name': 'EV Plug (J1772)', 'count': 1}]", Seattle,POINT (-122.310852 47.650072),15,42,University District,University of Washington,,25523675.1180115,30983.2126641678,"2, EV Plug (J1772)",2,EVPlug(J1772)
165,88345,47.653047,-122.313915,"3740 Brooklyn Avenue Northeast, Seattle, WA, 98105",98105,4,"[{'level': 2, 'name': 'EV Plug (J1772)', 'count': 4}]", Seattle,POINT (-122.313915 47.653047),15,42,University District,University of Washington,,25523675.1180115,30983.2126641678,"2, EV Plug (J1772)",2,EVPlug(J1772)
166,88346,47.656832,-122.311626,"4100 15th Avenue Northeast, Seattle, WA, 98105",98105,5,"[{'level': 2, 'name': 'EV Plug (J1772)', 'count': 5}]", Seattle,POINT (-122.311626 47.656832),15,42,University District,University of Washington,,25523675.1180115,30983.2126641678,"2, EV Plug (J1772)",2,EVPlug(J1772)
167,88347,47.658987,-122.309214,"4224 Memorial Way Northeast, Seattle, WA, 98105",98105,1,"[{'level': 2, 'name': 'EV Plug (J1772)', 'count': 1}]", Seattle,POINT (-122.309214 47.658987),15,42,University District,University of Washington,,25523675.1180115,30983.2126641678,"2, EV Plug (J1772)",2,EVPlug(J1772)
168,88348,47.660311,-122.309086,"4324 Memorial Way Northeast, Seattle, WA, 98105",98105,1,"[{'level': 2, 'name': 'EV Plug (J1772)', 'count': 1}]", Seattle,POINT (-122.309086 47.660311),15,42,University District,University of Washington,,25523675.1180115,30983.2126641678,"2, EV Plug (J1772)",2,EVPlug(J1772)
224,121605,47.6560149395404,-122.305003488076,"4060 East Stevens Way Northeast, Seattle, WA, 98195",98195,5,"[{'level': 2, 'name': 'EV Plug (J1772)', 'count': 5}]", Seattle,POINT (-122.305003488076 47.6560149395404),15,42,University District,University of Washington,,25523675.1180115,30983.2126641678,"2, EV Plug (J1772)",2,EVPlug(J1772)
115,67682,47.6039634,-122.3241159,"325 9th Avenue, Seattle, WA, 98104",98104,9,"[{'level': 2, 'name': 'EV Plug (J1772)', 'count': 9}]", Seattle,POINT (-122.3241159 47.6039634),37,64,Downtown,Yesler Terrace,,5348937.24771118,9611.35354641661,"2, EV Plug (J1772)",2,EVPlug(J1772)
150,82416,47.60636,-122.321639,"515 Minor Avenue, Seattle, WA, 98104",98104,1,"[{'level': 2, 'name': 'EV Plug (J1772)', 'count': 1}]", Seattle,POINT (-122.321639 47.60636),37,64,Downtown,Yesler Terrace,,5348937.24771118,9611.35354641661,"2, EV Plug (J1772)",2,EVPlug(J1772)
151,82447,47.605477,-122.323427,"908 Jefferson, Seattle, WA, 98104",98104,6,"[{'level': 2, 'name': 'EV Plug (J1772)', 'count': 6}]", Seattle,POINT (-122.323427 47.605477),37,64,Downtown,Yesler Terrace,,5348937.24771118,9611.35354641661,"2, EV Plug (J1772)",2,EVPlug(J1772)
216,119262,47.6004833,-122.31738,"209 12th Avenue South, Seattle, WA, 98144",98144,8,"[{'level': 2, 'name': 'EV Plug (J1772)', 'count': 8}]", Seattle,POINT (-122.31738 47.6004833),37,64,Downtown,Yesler Terrace,,5348937.24771118,9611.35354641661,"2, EV Plug (J1772)",2,EVPlug(J1772)
217,119661,47.6013484,-122.3179139,"125 South Boren Avenue, Seattle, WA, 98144",98144,6,"[{'level': 2, 'name': 'EV Plug (J1772)', 'count': 6}]", Seattle,POINT (-122.3179139 47.6013484),37,64,Downtown,Yesler Terrace,,5348937.24771118,9611.35354641661,"2, EV Plug (J1772)",2,EVPlug(J1772)
130,74012,47.66547,-122.350292,"750 North 50th Street, Seattle, WA, 98103",98103,1,"[{'level': 3, 'name': 'CCS & CHAdeMO', 'count': 1}]", Seattle,POINT (-122.350292 47.66547),4,31,North Central,Phinney Ridge,Woodland Park,32123117.8777466,27120.7859379681,"3, CCS & CHAdeMO",3,CCS&CHAdeMO
161,86729,47.670292,-122.353627,"601 North 59th Street, Seattle, WA, 98103",98103,5,"[{'level': 2, 'name': 'EV Plug (J1772)', 'count': 5}]", Seattle,POINT (-122.353627 47.670292),4,31,North Central,Phinney Ridge,Woodland Park,32123117.8777466,27120.7859379681,"2, EV Plug (J1772)",2,EVPlug(J1772)
131,74079,47.635213,-122.325845,"1818 Fairview Avenue East, Seattle, WA, 98102",98102,8,"[{'level': 2, 'name': 'EV Plug (J1772)', 'count': 8}]", Seattle,POINT (-122.325845 47.635213),21,48,Cascade,Eastlake,,7426907.96139526,16672.5117837403,"2, EV Plug (J1772)",2,EVPlug(J1772)
133,74983,47.662307,-122.3697155,"907 Northwest Ballard Way, Seattle, WA, 98107",98107,2,"[{'level': 2, 'name': 'EV Plug (J1772)', 'count': 2}]", Seattle,POINT (-122.3697155 47.662307),3,30,Ballard,West Woodland,,22199366.8730164,21789.6510873493,"2, EV Plug (J1772)",2,EVPlug(J1772)
159,86375,47.662639,-122.374975,"1416 Northwest Ballard Way, Seattle, WA, 98107",98107,8,"[{'level': 3, 'name': 'Tesla Supercharger', 'count': 8}]", Seattle,POINT (-122.374975 47.662639),3,30,Ballard,West Woodland,,22199366.8730164,21789.6510873493,"3, Tesla Supercharger",3,TeslaSupercharger
182,99386,47.6617217,-122.3758674,"1451 Northwest 46th Street, Seattle, WA, 98107",98107,2,"[{'level': 3, 'name': 'CCS & CHAdeMO', 'count': 2}]", Seattle,POINT (-122.3758674 47.6617217),3,30,Ballard,West Woodland,,22199366.8730164,21789.6510873493,"3, CCS & CHAdeMO",3,CCS&CHAdeMO
199,109360,47.6596042,-122.3692457,"915 Northwest 45th Street, Seattle, WA, 98107",98107,15,"[{'level': 3, 'name': 'Tesla Supercharger', 'count': 12}, {'level': 3, 'name': 'CCS & CHAdeMO', 'count': 1}, {'level': 3, 'name': 'CCS & CCS', 'count': 2}]", Seattle,POINT (-122.3692457 47.6596042),3,30,Ballard,West Woodland,,22199366.8730164,21789.6510873493,"3, Tesla Supercharger, 3, CCS & CHAdeMO, 3, CCS & CCS","3, 3, 3","TeslaSupercharger,CCS&CHAdeMO,CCS&CCS"
203,111321,47.66834386882019,-122.3749347840614,"1423 Northwest Market Street, Seattle, WA, 98107",98107,3,"[{'level': 2, 'name': 'EV Plug (J1772)', 'count': 3}]", Seattle,POINT (-122.3749347840614 47.66834386882019),3,30,Ballard,West Woodland,,22199366.8730164,21789.6510873493,"2, EV Plug (J1772)",2,EVPlug(J1772)
136,75395,47.7199844,-122.3440925,"12500 Aurora Avenue, Seattle, WA, 98133",98133,4,"[{'level': 2, 'name': 'EV Plug (J1772)', 'count': 4}]", Seattle,POINT (-122.3440925 47.7199844),82,112,Northgate,Haller Lake,,47203081.0796204,29413.5534484151,"2, EV Plug (J1772)",2,EVPlug(J1772)
145,81009,47.682853,-122.289913,"7340 35Th Avenue Northeast, Seattle, WA, 98115",98115,2,"[{'level': 2, 'name': 'EV Plug (J1772)', 'count': 2}]", Seattle,POINT (-122.289913 47.682853),11,38,Northeast,Bryant,,15485078.0333252,20928.0017243062,"2, EV Plug (J1772)",2,EVPlug(J1772)
148,82246,47.6807529,-122.4047949,"7001 Seaview Avenue Northwest, Seattle, WA, 98117",98117,8,"[{'level': 2, 'name': 'EV Plug (J1772)', 'count': 8}]", Seattle,POINT (-122.4047949 47.6807529),89,119,Ballard,Sunset Hill,"Golden Gardens, Shilshole",24335620.4689941,29416.7300633571,"2, EV Plug (J1772)",2,EVPlug(J1772)
149,82322,47.571333,-122.328404,"409 South Spokane Street, Seattle, WA, 98134",98134,4,"[{'level': 2, 'name': 'EV Plug (J1772)', 'count': 2}, {'level': 3, 'name': 'CCS & CHAdeMO', 'count': 2}]", Seattle,POINT (-122.328404 47.571333),93,126,Greater Duwamish,Industrial District,,62434131.0114746,88995.7569839975,"2, EV Plug (J1772), 3, CCS & CHAdeMO","2, 3","EVPlug(J1772),CCS&CHAdeMO"
152,82802,47.563966,-122.287468,"4412 Rainier Avenue South, Seattle, WA, 98118",98118,2,"[{'level': 2, 'name': 'EV Plug (J1772)', 'count': 2}]", Seattle,POINT (-122.287468 47.563966),61,88,Rainier Valley,Columbia City,Columbia Heights,37406576.4927979,35177.0608039675,"2, EV Plug (J1772)",2,EVPlug(J1772)
249,134358,47.5597763,-122.2911963,"4740 32nd Ave., South, Seattle, WA, 98119",98119,4,"[{'level': 2, 'name': 'EV Plug (J1772)', 'count': 4}]", Seattle,POINT (-122.2911963 47.5597763),61,88,Rainier Valley,Columbia City,Columbia Heights,37406576.4927979,35177.0608039675,"2, EV Plug (J1772)",2,EVPlug(J1772)
154,83347,47.681381,-122.25875,"Sportsfield Drive Northeast, Seattle, WA, 98115",98115,2,"[{'level': 3, 'name': 'CCS & CHAdeMO', 'count': 2}]", Seattle,POINT (-122.25875 47.681381),10,37,Northeast,Sand Point,,19249857.1397095,21396.6958008648,"3, CCS & CHAdeMO",3,CCS&CHAdeMO
171,88862,47.523218,-122.393376,"4829 Southwest Barton Street, Seattle, WA, 98136",98136,3,"[{'level': 2, 'name': 'EV Plug (J1772)', 'count': 3}]", Seattle,POINT (-122.393376 47.523218),51,78,West Seattle,Fauntleroy,"Endolyne, Arroyo Heights, Brace Point",33881863.8706665,42276.5317877774,"2, EV Plug (J1772)",2,EVPlug(J1772)
174,92256,47.616915,-122.303963,"2113 East Olive Street, Seattle, WA, 98122",98122,2,"[{'level': 3, 'name': 'CCS & CHAdeMO', 'count': 2}]", Seattle,POINT (-122.303963 47.616915),28,55,Central Area,Minor,"Central District, Squire Park",17933144.708252,18241.5487859812,"3, CCS & CHAdeMO",3,CCS&CHAdeMO
175,92265,47.56223,-122.381761,"4535 39th Avenue Southwest, Seattle, WA, 98116",98116,2,"[{'level': 3, 'name': 'CCS & CHAdeMO', 'count': 1}, {'level': 3, 'name': 'CCS & CHAdeMO', 'count': 1}]", Seattle,POINT (-122.381761 47.56223),50,77,West Seattle,Genesee,"Alaska Junction, West Seattle Junction",21164976.5813446,19870.8696089241,"3, CCS & CHAdeMO, 3, CCS & CHAdeMO","3, 3","CCS&CHAdeMO,CCS&CHAdeMO"
176,92589,47.52317,-122.27056,"9019 RAINIER Avenue South, Seattle, WA, 98118",98118,4,"[{'level': 3, 'name': 'CCS & CHAdeMO', 'count': 1}, {'level': 3, 'name': 'CCS & CCS', 'count': 3}]", Seattle,POINT (-122.27056 47.52317),57,84,Rainier Valley,Dunlap,,19601601.2150879,20847.6531922997,"3, CCS & CHAdeMO, 3, CCS & CCS","3, 3","CCS&CHAdeMO,CCS&CCS"
204,111361,47.538782,-122.282797,"7101 Martin Luther King Jr Way South, Seattle, WA, 98118",98118,4,"[{'level': 3, 'name': 'CCS & CHAdeMO', 'count': 4}]", Seattle,POINT (-122.282797 47.538782),55,82,Beacon Hill,Holly Park,New Holly,8444235.97859192,15848.3624185113,"3, CCS & CHAdeMO",3,CCS&CHAdeMO
251,134734,47.5403411,-122.2832798,"6901 Martin Luther King Junior Way South, Seattle, WA, 98118",98118,2,"[{'level': 2, 'name': 'EV Plug (J1772)', 'count': 2}]", Seattle,POINT (-122.2832798 47.5403411),55,82,Beacon Hill,Holly Park,New Holly,8444235.97859192,15848.3624185113,"2, EV Plug (J1772)",2,EVPlug(J1772)
205,112439,47.72305,-122.29212,"13000 Lake City Way Northeast, Seattle, WA, 98125",98125,4,"[{'level': 3, 'name': 'CCS & CHAdeMO', 'count': 1}, {'level': 3, 'name': 'CCS & CCS', 'count': 3}]", Seattle,POINT (-122.29212 47.72305),79,106,Lake City,Cedar Park,,20441485.8487244,22788.760382662,"3, CCS & CHAdeMO, 3, CCS & CCS","3, 3","CCS&CHAdeMO,CCS&CCS"
209,116175,47.70931,-122.31601,"11100 Roosevelt Way Northeast, Seattle, WA, 98125",98125,2,"[{'level': 3, 'name': 'CCS & CHAdeMO', 'count': 2}]", Seattle,POINT (-122.31601 47.70931),83,113,Northgate,Pinehurst,Jackson Park,29438850.8770142,26171.2717608103,"3, CCS & CHAdeMO",3,CCS&CHAdeMO
230,123908,47.512,-122.28809,"3401 South Norfolk Street, Seattle, WA, 98118",98118,4,"[{'level': 2, 'name': 'EV Plug (J1772)', 'count': 4}]", Seattle,POINT (-122.28809 47.512),54,81,Beacon Hill,South Beacon Hill,,38448826.8989563,38996.7151070849,"2, EV Plug (J1772)",2,EVPlug(J1772)
233,128366,47.648127,-122.317529,"2915 Fuhrman Avenue East, Seattle, WA, 98102",98102,2,"[{'level': 2, 'name': 'EV Plug (J1772)', 'count': 2}]", Seattle,POINT (-122.317529 47.648127),70,97,Capitol Hill,Portage Bay,Roanoke Park,4421635.26721191,10013.2739563989,"2, EV Plug (J1772)",2,EVPlug(J1772)
242,133700,47.60025,-122.29722,"241 Martin Luther King Junior Way South, Seattle, WA, 98144",98144,1,"[{'level': 2, 'name': 'EV Plug (J1772)', 'count': 1}]", Seattle,POINT (-122.29722 47.60025),31,58,Central Area,Atlantic,"Judkins Park, Jackson Place, Coleman",20664986.2726135,25426.2311626675,"2, EV Plug (J1772)",2,EVPlug(J1772)
247,134190,47.689356,-122.37659,"8340 15th Avenue Northwest, Seattle, WA, 98117",98117,4,"[{'level': 3, 'name': 'CCS & CHAdeMO', 'count': 4}]", Seattle,POINT (-122.37659 47.689356),2,29,Ballard,Whittier Heights,,14195687.4919434,15934.4392663199,"3, CCS & CHAdeMO",3,CCS&CHAdeMO
250,134718,47.7265843,-122.347325,"13280 Linden Avenue North, Seattle, WA, 98133",98133,2,"[{'level': 2, 'name': 'EV Plug (J1772)', 'count': 2}]", Seattle,POINT (-122.347325 47.7265843),81,111,Northwest,Bitter Lake,,27690336.4438171,26446.2030540938,"2, EV Plug (J1772)",2,EVPlug(J1772)
